SN,SFR_L,SFR_R,sample
61A3B002853,463.36,457.1733,1
61A3B002855,554.0267,449.28,1
61A3B002502,544.8591,479.1467,1
61A3B001065,529.8255,498.1333,1
61A3B003328,510.9333,445.2267,1
61A3B005252,438.4,688.8296,2
61A3B001027,579.6267,520.7467,2
61A3B003580,567.7838,535.0137,2
61A3B002488,546.9867,538.6667,2
61A3B002003,519.04,495.7867,2
61A3B005734,548.2953,483.4133,3
61A3B003594,559.5152,586.1622,3
61A3B003557,558.7862,481.4933,3
61A3B004957,539.9467,501.9733,3
61A3B002761,571.9467,515.2,3
61A3B002001,546.3467,528.8533,4
61A3B003589,541.44,509.44,4
61A3B002858,535.4667,523.7333,4
61A3B006524,505.6,486.1867,4
61A3B003505,528.4384,506.4533,4
61A3B003517,560.8889,545.0667,5
61A3B006142,532.9067,510.9333,5
61A3B005516,527.1467,468.2667,5
61A3B005948,557.6533,452.6933,5
61A3B003250,556.5867,550.1867,5
61A3B006669,588.4823,512.2133,6
61A3B001086,522.0267,466.56,6
61A3B001967,579.0145,480.64,6
61A3B002234,569.1275,472.32,6
61A3B002840,569.6,518.1867,6
61A3B003208,588.6259,563.4207,7
61A3B002852,546.56,494.08,7
61A3B004118,511.7867,513.28,7
61A3B002807,593.5556,540.8,7
61A3B004233,515.84,455.68,7
61A3B002489,582.7945,539.2752,8
61A3B006766,531.4133,606.0408,8
61A3B003931,284.8,614.835,8
61A3B004120,564.4027,498.9867,8
61A3B001079,512,447.5733,8
61A3B002486,566.137,481.92,9
61A3B002493,484.6933,446.9333,9
61A3B003560,570.4161,490.88,9
61A3B002470,490.0267,517.9733,9
61A3B001028,519.2533,504.1067,9
61A3B002476,544.6575,595.6757,10
61A3B002484,551.2113,510.08,10
61A3B002762,327.302,674.2626,10
61A3B005281,515.2,498.3467,10
61A3B003901,553.1733,563.021,10
61A3B002271,286.9333,640.2388,11
61A3B004952,531.4133,482.1333,11
61A3B004154,571.027,506.4533,11
61A3B003933,520.1611,480,11
61A3B006969,551.2533,486.4,11
61A3B002496,281.9866,325.9259,12
61A3B003528,523.0933,494.2933,12
61A3B006387,554.4533,503.2533,12
61A3B002480,563.4685,515.84,12
61A3B002004,500.9067,492.16,12
61A3B006537,530.9867,521.3867,13
61A3B005494,570.4828,512.64,13
61A3B002713,541.8667,531.84,13
61A3B002474,266.7383,749.9429,13
61A3B005772,586.2128,543.1467,13
61A3B005746,537.863,489.8133,14
61A3B004069,566.7606,599.4667,14
61A3B006680,564.8794,533.3333,14
61A3B006678,567.2533,495.36,14
61A3B006638,554.6667,501.3333,14
61A3B004838,445.44,629.0286,15
61A3B002295,559.6444,511.7867,15
61A3B006628,551.2533,505.6,15
61A3B006652,513.92,515.84,15
61A3B002848,529.4933,471.4667,15
61A3B006640,476.3733,465.0667,16
61A3B003900,440.5333,534.4,16
61A3B003592,554.88,529.92,16
61A3B002475,562.9867,459.3067,16
61A3B006643,535.68,538.4533,16
61A3B001066,530.8993,519.1837,17
61A3B001009,521.8133,557.2267,17
61A3B004075,515.2,594.1333,17
61A3B006626,610.3607,509.8667,17
61A3B001740,611.2464,586.9781,17
61A3B006765,495.5733,541.2267,18
61A3B001007,585.8133,504.32,18
61A3B003936,558.72,496,18
61A3B006650,504.96,493.44,18
61A3B006627,560,516.6933,18
61A3B006519,550.6207,517.3333,19
61A3B002472,560.2133,517.4422,19
61A3B006933,573.44,540.3733,19
61A3B003060,553.3867,540.7347,19
61A3B006139,564.4058,577.3521,19
61A3B003902,519.4667,506.0267,20
61A3B003198,572.8671,553.8133,20
61A3B002810,545.4933,506.88,20
61A3B005271,558.9333,539.0933,20
61A3B005754,559.4483,542.4966,20
61A3B003454,566.2703,462.9333,21
61A3B003574,581.76,501.9733,21
61A3B004148,593.9021,471.04,21
61A3B003618,493.0133,527.5733,21
61A3B003455,571.7333,540.16,21
61A3B003668,565.9733,520.1067,22
61A3B005352,550.3129,500.2667,22
61A3B003072,539.0933,493.44,22
61A3B005450,451.6267,487.4667,22
61A3B003595,545.0667,561.7067,22
61A3B001082,558.5067,550.6133,23
61A3B003486,533.5467,491.9467,23
61A3B004134,559.5676,519.04,23
61A3B005515,534.069,501.76,23
61A3B003665,508.16,489.8133,23
61A3B003582,544.4267,481.92,24
61A3B003529,557.9597,534.1867,24
61A3B003579,562.5507,509.0133,24
61A3B002473,573.3699,516.48,24
61A3B003457,509.2267,510.5067,24
61A3B001012,547.4133,578.3467,25
61A3B003667,600.7591,484.0533,25
61A3B006529,520.32,451.4133,25
61A3B005447,533.4765,502.4,25
61A3B002479,542.2933,514.1333,25
61A3B002512,462.08,568.1067,26
61A3B002727,576.4295,529.0667,26
61A3B005441,546.7733,512.4267,26
61A3B001011,534.4,487.2533,26
61A3B004095,552.7887,491.3067,26
61A3B002481,485.12,501.5467,27
61A3B004589,558.1745,535.6712,27
61A3B003058,550.7483,555.2432,27
61A3B003899,559.7867,549.9733,27
61A3B002873,508.8,506.4533,27
61A3B000260,558.0979,530.56,28
61A3B005471,582.7606,544.4267,28
61A3B004912,554.7383,543.5733,28
61A3B004787,544,524.16,28
61A3B003855,493.44,494.2933,28
61A3B004782,401.28,524.4298,29
61A3B005444,521.3867,520.32,29
61A3B002469,522.6667,509.44,29
61A3B003663,555.9467,529.0667,29
61A3B002485,270.5067,651.3778,29
61A3B004014,550.4,514.1333,30
61A3B006642,541.0133,507.7333,30
61A3B003934,320.2133,649.7391,30
61A3B003945,556.0268,535.68,30
61A3B002736,556.1905,494.5067,30
61A3B002510,536.32,503.2533,31
61A3B003113,585.7778,468.0533,31
61A3B005410,496.4267,632.7273,31
61A3B004115,560.4324,549.9733,31
61A3B002752,618.449,531.2,31
61A3B003623,553.0811,560.9664,32
61A3B004789,633.8783,495.36,32
61A3B003459,486.8267,483.4133,32
61A3B005947,555.1515,514.56,32
61A3B005752,581.5839,510.2933,32
61A3B001481,545.0884,527.5733,33
61A3B002182,553.1733,509.1892,33
61A3B003670,551.04,526.2933,33
61A3B006925,559.5733,481.7067,33
61A3B003503,515.84,490.88,33
61A3B003196,551.7163,500.2667,34
61A3B002824,577.8286,490.6667,34
61A3B001081,536.7467,530.1333,34
61A3B003101,489.3867,423.68,34
61A3B004758,562.4698,513.92,34
61A3B003479,480.2133,450.1333,35
61A3B004808,557.745,501.3333,35
61A3B004805,572.8,507.52,35
61A3B003255,513.7067,580.0533,35
61A3B004585,421.5467,731.2593,35
61A3B002742,554.88,552.5906,36
61A3B003883,488.32,469.12,36
61A3B004790,589.9597,496.9664,36
61A3B005443,489.3867,476.3733,36
61A3B004781,571.3067,547.483,36
61A3B004757,536.32,524.16,37
61A3B005472,220.5638,588.9438,37
61A3B002744,485.3333,478.9333,37
61A3B002505,515.84,567.2533,37
61A3B005749,554.0267,512.64,37
61A3B005473,573.8667,535.8933,38
61A3B002658,541.6533,494.2933,38
61A3B004779,525.2267,513.28,38
61A3B000259,499.4133,449.7067,38
61A3B004109,558.1241,533.9733,38
61A3B000214,555.9467,538.0267,39
61A3B004911,553.8792,473.3867,39
61A3B003743,574.0408,567.2533,39
61A3B005690,550.1867,492.8,39
61A3B005716,554.0267,493.8667,39
61A3B000400,605.2713,550.6133,40
61A3B003103,528,472.7467,40
61A3B002754,558.585,540.8,40
61A3B002507,552.5333,512.2133,40
61A3B002735,549.12,536,40
61A3B006651,562.5507,534.4,41
61A3B002746,517.3333,499.2,41
61A3B004784,514.1333,519.2533,41
61A3B003464,497.1812,581.4054,41
61A3B006644,559.1467,477.8667,41
61A3B004164,559.1467,550.1867,42
61A3B005550,539.3067,517.9733,42
61A3B002741,586.0267,616.2424,42
61A3B003102,526.2933,500.4027,42
61A3B005445,529.28,508.5867,42
61A3B005446,543.5646,512,43
61A3B002876,601.6,527.7808,43
61A3B005486,529.4933,501.76,43
61A3B004222,562.6667,583.3143,43
61A3B002560,552.7467,480,43
61A3B005721,557.0133,482.1333,44
61A3B004555,551.04,505.8133,44
61A3B005448,559.7867,525.0133,44
61A3B000853,533.5467,481.28,44
61A3B003664,289.7067,418.5197,44
61A3B002482,557.0133,524.3733,45
61A3B000856,540.8,512.4267,45
61A3B005439,536.1067,570.88,45
61A3B003746,504.7467,512.2133,45
61A3B000351,498.1333,413.44,45
61A3B004803,556.6259,569.6901,46
61A3B001483,587.8154,510.5067,46
61A3B006940,525.8667,556.0268,46
61A3B002508,576.8533,516.2667,46
61A3B002579,558.604,493.44,46
61A3B002438,559.36,516.0533,47
61A3B003057,531.84,526.5067,47
61A3B002532,553.4388,556.16,47
61A3B006755,558.1497,517.12,47
61A3B002478,518.8267,519.04,47
61A3B004788,587.52,522.88,48
61A3B006756,529.28,484.0533,48
61A3B002529,564.0533,536.4324,48
61A3B005408,532.2667,513.28,48
61A3B005726,552.1067,488.96,48
61A3B001249,567.8841,514.1333,49
61A3B000215,576.2319,502.8267,49
61A3B002511,563.3289,492.3733,49
61A3B002867,536.7467,492.5867,49
61A3B003069,542.5067,496.64,49
61A3B001482,511.36,566.731,50
61A3B001364,601.6667,570.24,50
61A3B002531,545.4118,507.3067,50
61A3B002865,542.9333,544.6667,50
61A3B005545,577.697,550.8267,50
61A3B004792,589.3154,484.0533,51
61A3B001739,576.4923,554.88,51
61A3B002759,569.8723,501.5467,51
61A3B002530,561.415,522.88,51
61A3B002868,564.48,495.1467,51
61A3B006942,355.6267,570.6667,52
61A3B003741,480.8533,491.9467,52
61A3B002506,554.6667,573.2267,52
61A3B003948,531.84,478.5067,52
61A3B003108,532.48,537.8133,52
61A3B002739,565.3333,561.3333,53
61A3B002751,572.5867,514.7733,53
61A3B000354,478.9333,498.9867,53
61A3B000213,548.9067,526.72,53
61A3B002870,507.52,556.5867,53
61A3B000264,547.4133,545.0667,54
61A3B005724,553.8792,522.3087,54
61A3B006637,585.3986,511.1467,54
61A3B003661,543.5733,532.9067,54
61A3B004015,597.0411,489.1733,54
61A3B002753,546.7733,505.1733,55
61A3B002439,537.1733,500.2667,55
61A3B004013,538.4533,504.32,55
61A3B002733,628.4706,520.96,55
61A3B033390,567.6028,523.0933,55
61A3B004909,541.8523,494.5067,56
61A3B000334,607.1233,530.6846,56
61A3B005597,535.8933,478.9333,56
61A3B000331,585.0201,509.44,56
61A3B005677,540.5867,507.3067,56
61A3B004581,577.3521,658.5263,57
61A3B003666,541.6533,532.4027,57
61A3B005437,603.1304,481.92,57
61A3B003055,555.52,558.9189,57
61A3B003624,555.3067,541.6533,57
61A3B004166,553.7297,547.5068,58
61A3B004914,541.6533,501.12,58
61A3B002464,570.2013,553.7103,58
61A3B002281,540.16,517.76,58
61A3B005631,592.5674,474.6667,58
61A3B006767,553.6,493.44,59
61A3B000333,495.1467,487.2533,59
61A3B003114,549.12,545.28,59
61A3B003608,562.8493,584.7467,59
61A3B003281,595.1565,499.84,59
61A3B001361,471.04,481.4933,60
61A3B005646,580.2667,532.6933,60
61A3B000698,558.5067,494.2933,60
61A3B006949,505.8133,443.9467,60
61A3B003744,337.4933,714.2069,60
61A3B002284,548.5101,489.6,61
61A3B002626,571.52,497.28,61
61A3B006641,558.9333,504.96,61
61A3B006935,588.1379,472.32,61
61A3B006952,572.2483,531.84,61
61A3B000050,529.92,490.24,62
61A3B006953,558.5067,554.4533,62
61A3B006960,562.6846,533.76,62
61A3B003607,521.3867,498.0403,62
61A3B000324,573.3147,520.32,62
61A3B006179,540.5867,505.8133,63
61A3B006622,531.2,526.2933,63
61A3B002728,527.1467,518.4,63
61A3B006959,549.12,463.1467,63
61A3B002347,536.5333,503.04,63
61A3B003610,564.0533,472.96,64
61A3B004670,549.3333,530.7733,64
61A3B005717,567.8389,532.0533,64
61A3B002621,552.3758,516.9067,64
61A3B004071,546.1769,504,64
61A3B006624,505.1733,508.8,65
61A3B002737,568.292,520.7467,65
61A3B002349,512.4267,494.72,65
61A3B002352,500.2667,497.92,65
61A3B003243,583.4667,513.7067,65
61A3B004078,569.2055,539.9467,66
61A3B000694,566.2411,525.0133,66
61A3B005723,572.5867,518.6133,66
61A3B002857,601.2867,488.32,66
61A3B004188,559.1467,552.96,66
61A3B006944,550.137,496.2133,67
61A3B005750,511.36,511.1467,67
61A3B003428,534.4,506.24,67
61A3B004070,557.0133,512.8533,67
61A3B005760,284.1342,638.7071,67
61A3B004961,522.0267,466.7733,68
61A3B001931,478.6479,493.2267,68
61A3B001095,524.8,480.4267,68
61A3B005880,554.4533,488.5333,68
61A3B006383,534.8267,477.6533,68
61A3B003412,531.84,560.4324,69
61A3B001696,560,520.96,69
61A3B002231,546.7733,549.12,69
61A3B004960,567.4667,485.12,69
61A3B003349,559.2483,538.24,69
61A3B004448,600.381,534.6133,70
61A3B004964,551.4667,500.9067,70
61A3B002622,478.08,546.56,70
61A3B005617,555.9712,468.48,70
61A3B004131,488.96,485.3333,70
61A3B001827,550.4,474.24,71
61A3B005534,582.7246,542.4762,71
61A3B006914,571.3333,504.7467,71
61A3B006846,537.6,526.72,71
61A3B003248,523.6966,514.1622,71
61A3B003286,591.2941,483.8658,72
61A3B003577,585.6901,539.3067,72
61A3B004064,565.76,449.0667,72
61A3B005771,512.4267,493.2267,72
61A3B002369,546.56,488.32,72
61A3B003509,584.1194,481.92,73
61A3B003601,560.331,508.8,73
61A3B005678,540.3429,534.4,73
61A3B004099,512,507.0604,73
61A3B002286,540.16,551.5168,73
61A3B004582,544.4295,501.9733,74
61A3B002701,579.5068,512.2133,74
61A3B003634,554.9851,538.88,74
61A3B000342,587.2676,525.44,74
61A3B005648,505.6,482.3467,74
61A3B000332,551.4667,493.2267,75
61A3B003327,561.28,553.1733,75
61A3B002526,600.5333,521.1733,75
61A3B002527,597.3333,497.4933,75
61A3B003270,598.5736,690.0194,75
61A3B005643,503.2533,506.0267,76
61A3B004215,555.8857,439.4667,76
61A3B003396,312.7467,518.015,76
61A3B005596,583.8367,492.3733,76
61A3B000270,542.2933,516.0533,76
61A3B000169,538.4533,475.0933,77
61A3B002401,559.7867,527.1467,77
61A3B006826,573.0072,553.6,77
61A3B000201,560.331,560,77
61A3B005254,481.7067,476.5867,77
61A3B000272,554.094,567.8389,78
61A3B006828,525.44,525.2267,78
61A3B006775,685.6828,477.44,78
61A3B003586,562.7733,497.0667,78
61A3B004155,280.5333,420.2835,78
61A3B002410,602.1374,534.1867,79
61A3B006975,556.8,530.3467,79
61A3B002672,548.6933,500.9067,79
61A3B005753,495.7867,489.3867,79
61A3B005514,585.8993,533.3333,79
61A3B003284,545.5034,487.04,80
61A3B004185,632.7129,531.4133,80
61A3B002387,563.5177,485.76,80
61A3B006971,534.8267,444.8,80
61A3B004154,609.9823,522.4533,80
61A3B002496,326.0134,618.6667,81
61A3B002390,614,520.32,81
61A3B005529,542.9333,490.0267,81
61A3B002480,558.8889,544.8591,81
61A3B006603,480.64,493.2267,81
61A3B005676,542.9262,510.72,82
61A3B000266,598.6395,495.1467,82
61A3B004952,538.6667,500.0533,82
61A3B003931,307.6757,568.1356,82
61A3B003505,529.4933,524.8,82
61A3B002470,502.6133,514.7733,83
61A3B006535,545.92,526.9333,83
61A3B002486,569.2973,497.92,83
61A3B006669,555.1407,545.4933,83
61A3B002392,512.8533,470.6133,83
61A3B000284,532.1879,531.4133,84
61A3B001939,552.2162,521.6,84
61A3B001026,537.1733,540.16,84
61A3B006968,547.6267,515.4133,84
61A3B000399,517.5467,527.36,84
61A3B004884,670.303,499.6267,85
61A3B006631,559.1467,561.28,85
61A3B000082,536.96,535.4667,85
61A3B003209,381.8667,624.6299,85
61A3B006977,519.619,511.5733,85
61A3B002271,307.6267,630.7797,86
61A3B000271,553.8133,524.16,86
61A3B006080,551.2941,520.96,86
61A3B005484,566.6133,514.56,86
61A3B001023,564.7324,545.0667,86
61A3B006946,568.9379,536.5333,87
61A3B001020,601.1275,503.68,87
61A3B004881,539.1111,521.3867,87
61A3B000398,510.08,451.4133,87
61A3B003214,453.5467,485.12,87
61A3B002431,554.6667,474.6667,88
61A3B006917,607.1409,537.6,88
61A3B002468,609.2973,501.3333,88
61A3B006520,552.96,534.4,88
61A3B002448,561.9021,525.6533,88
61A3B000279,496.2133,484.9067,89
61A3B003567,284.349,648,89
61A3B003568,576.8533,532.2667,89
61A3B002348,560.6957,534.1867,89
61A3B003211,560.7724,529.0667,89
61A3B000282,564.2667,478.5067,90
61A3B006961,587.3067,513.28,90
61A3B004133,585.4815,465.92,90
61A3B006773,542.72,494.08,90
61A3B006951,295.8933,714.2268,90
61A3B003566,542.9333,487.2533,91
61A3B000273,530.1333,458.0267,91
61A3B002862,557.7481,568.1096,91
61A3B005713,536.4324,509.2267,91
61A3B002412,555.1781,586.4533,91
61A3B006137,550.7945,538.24,92
61A3B002465,525.8667,472.1067,92
61A3B002637,625.7426,540.1342,92
61A3B003565,575.7867,487.04,92
61A3B006956,511.1467,510.08,92
61A3B005992,555.5973,490.4533,93
61A3B005644,613.1765,522.24,93
61A3B002402,574.2819,491.7333,93
61A3B003252,602.8235,493.2267,93
61A3B006052,578.8108,514.56,93
61A3B001013,576.2133,583.0137,94
61A3B006825,529.92,475.3067,94
61A3B003254,577.7297,542.72,94
61A3B000269,551.4667,586.7383,94
61A3B001096,556.3077,538.0267,94
61A3B005654,596.9067,544.8533,95
61A3B001016,514.9867,454.4,95
61A3B002407,529.7067,542.08,95
61A3B006740,549.12,504.1067,95
61A3B006954,579.7517,622.5743,95
61A3B005639,543.5733,503.2533,96
61A3B005632,622.069,524.5867,96
61A3B002376,585.3867,516.9067,96
61A3B002389,535.2533,520.5333,96
61A3B005728,519.68,453.5467,96
61A3B002466,562.2857,498.56,97
61A3B004996,551.0355,512.2133,97
61A3B006563,542.9333,477.6533,97
61A3B002399,564.7761,530.3467,97
61A3B001022,560.7619,498.9867,97
61A3B004883,578.9867,500.9067,98
61A3B005133,556.16,561.4933,98
61A3B006082,572.3733,510.08,98
61A3B005131,585.8133,501.3333,98
61A3B002274,553.8133,487.2533,98
61A3B002463,573.4493,483.84,99
61A3B002429,543.7778,491.0933,99
61A3B006070,558.5067,511.1467,99
61A3B002432,641.7638,531.84,99
61A3B001021,553.1733,572.5867,99
61A3B005642,603.1238,479.36,100
61A3B001055,558.993,538.4533,100
61A3B006069,524.3733,578.014,100
61A3B006522,570.3111,534.8267,100
61A3B005870,555.2552,546.7733,100
61A3B004093,554.24,558.72,101
61A3B001024,516.48,525.44,101
61A3B006065,531.2,492.5867,101
61A3B006071,572.9933,521.3867,101
61A3B006591,375.6639,340.25,101
61A3B002183,552.7467,516.2667,102
61A3B004349,523.0933,492.5867,102
61A3B004967,543.36,484.48,102
61A3B006848,568.5986,556.5867,102
61A3B002235,471.4667,538.88,102
61A3B002837,518.3129,498.56,103
61A3B004755,555.1111,523.3067,103
61A3B002492,552.1067,508.8,103
61A3B001094,488.5333,448.8533,103
61A3B003397,540.3733,523.9467,103
61A3B005744,580.9067,561.9726,104
61A3B004017,603.027,542.9333,104
61A3B005057,568.32,508.3733,104
61A3B005269,603.7015,543.36,104
61A3B002839,577.1679,533.12,104
61A3B005251,567.8806,541.8667,105
61A3B005031,658.8571,596.1399,105
61A3B005670,558.9333,529.0667,105
61A3B006750,564.6917,506.88,105
61A3B005630,370.3467,731.5772,105
61A3B006595,306.6667,600.3692,106
61A3B006738,467.4133,531.84,106
61A3B006973,544.4267,536.96,106
61A3B006739,567.2533,487.68,106
61A3B006751,575.3239,511.5733,106
61A3B006742,576,519.04,107
61A3B006267,564.9134,512.8533,107
61A3B006748,291.84,692.9577,107
61A3B006737,555.6788,501.12,107
61A3B002467,562.7211,538.24,107
61A3B006067,252.3733,428.8525,108
61A3B002749,638.5882,493.8667,108
61A3B006251,535.4667,489.8133,108
61A3B005629,340.9067,579.84,108
61A3B004984,554.0267,493.8667,108
61A3B004092,285.44,425.9417,109
61A3B004090,563.84,551.5168,109
61A3B004983,351.7867,572.517,109
61A3B004840,470.1867,608,109
61A3B004830,536.5333,526.2933,109
61A3B004097,555.7333,567.2533,110
61A3B005653,622.5036,534.6133,110
61A3B006244,289.2973,716.1165,110
61A3B005320,526.72,444.8,110
61A3B005789,565.3333,480,110
61A3B002462,536.6857,474.88,111
61A3B004091,484.6933,490.4533,111
61A3B005155,193.0738,363.0504,111
61A3B006247,457.1733,711.8806,111
61A3B004088,628.3294,536.7467,111
61A3B004831,555.0933,523.0933,112
61A3B004087,567.04,498.1333,112
61A3B002647,478.5067,443.7333,112
61A3B006241,519.8933,471.2533,112
61A3B006752,576.9697,510.08,112
61A3B006243,575.5646,506.4533,113
61A3B006250,595.3433,498.56,113
61A3B006248,571.3067,564.9067,113
61A3B001377,546.1333,494.72,113
61A3B006585,425.1733,544.8533,113
61A3B005790,525.44,506.8108,114
61A3B001912,545.92,488.1067,114
61A3B005695,610.6947,529.0667,114
61A3B005160,488.1067,460.5867,114
61A3B004842,582.0134,510.5067,114
61A3B006744,553.3605,495.1467,115
61A3B005042,566,489.8133,115
61A3B005787,567.3577,509.6533,115
61A3B005322,612.9431,527.5733,115
61A3B006245,574.1714,494.72,115
61A3B004254,555.1407,484.0533,116
61A3B001378,554.88,503.8933,116
61A3B005064,614.8966,532.2667,116
61A3B005006,533.12,519.4667,116
61A3B005319,545.7067,509.44,116
61A3B006452,578.8493,512.4267,117
61A3B005874,592.5517,529.0667,117
61A3B005659,613.6,512,117
61A3B005353,584.6154,534.4,117
61A3B004837,574.08,486.4,117
61A3B006249,564.8485,493.6533,118
61A3B005077,569.3867,516.48,118
61A3B003500,533.9733,484.48,118
61A3B002682,568.5333,497.4933,118
61A3B005872,579.7517,536.96,118
61A3B005669,556.16,475.0933,119
61A3B005876,578.4965,505.3867,119
61A3B006523,526.08,505.8133,119
61A3B005512,233.4497,467.5702,119
61A3B005078,674.3467,541.8667,119
61A3B004427,570.4533,507.0933,120
61A3B005079,566.1867,513.5135,120
61A3B005043,572.16,510.2933,120
61A3B005146,578.4444,570.3401,120
61A3B004255,560.4638,560.4267,120
61A3B005104,528.8533,486.1867,121
61A3B005671,493.2267,530.9867,121
61A3B005655,549.0068,464.8533,121
61A3B005044,546.7733,539.0933,121
61A3B002374,557.2267,543.5733,121
61A3B006629,522.88,512.4267,122
61A3B006252,599.6748,523.3067,122
61A3B004261,617.1733,551.4667,122
61A3B002702,538.5946,548.2667,122
61A3B006557,526.72,515.84,122
61A3B004459,540.3733,490.88,123
61A3B002688,572.169,508.5867,123
61A3B005076,541.6216,506.6667,123
61A3B003483,578.1333,511.1467,123
61A3B006386,542.08,554.0267,123
61A3B004456,518.8267,503.2533,124
61A3B001911,258.56,468.4912,124
61A3B006720,260.2667,697.985,124
61A3B004458,314.2857,740.2105,124
61A3B004205,442.6667,536.4364,124
61A3B002346,237.6533,635.0222,125
61A3B006600,277.9733,369.6667,125
61A3B005317,600.0708,530.3467,125
61A3B005375,332.5867,714.1408,125
61A3B002661,275.4133,419.2,125
61A3B004152,226.9867,403.4188,126
61A3B006560,262.6133,379.2868,126
61A3B005143,271.7867,533.5,126
61A3B004243,235.7333,416.7218,126
61A3B004199,489.3867,552.32,126
61A3B004149,350.08,391.3071,127
61A3B004988,176.2192,429.7143,127
61A3B000421,244.6933,406.9254,127
61A3B000427,282.6667,558,127
61A3B002011,192.2133,747.4286,127
61A3B003554,341.5467,565.76,128
61A3B006872,290.9867,754.1205,128
61A3B002423,276.6027,602,128
61A3B004959,314.24,625.6911,128
61A3B006718,388.9067,579.1605,128
61A3B006947,301.0133,602.9752,129
61A3B005778,272.4267,649,129
61A3B005551,246.4,443.661,129
61A3B006579,222.08,684.0367,129
61A3B004068,357.5467,626.5098,129
61A3B003458,449.0667,494.5067,130
61A3B000262,240.4384,623.2727,130
61A3B004089,515.2,467.6267,130
61A3B005779,289.4933,525.6238,130
61A3B006921,500.6933,508.16,130
61A3B003352,290.1333,386.1573,131
61A3B004096,517.3333,498.56,131
61A3B006265,457.1733,515.6267,131
61A3B005059,238.08,487.9292,131
61A3B006889,477.4228,477.6533,131
61A3B006827,358.4,512.4638,132
61A3B004159,472.32,489.2991,132
61A3B005020,500.6933,634.2095,132
61A3B002648,576.7273,654.8966,132
61A3B002645,535.4667,582.5133,132
61A3B002984,247.4094,441.8462,133
61A3B004200,271.36,685.2028,133
61A3B002666,394.6667,635.136,133
61A3B004160,220.5867,373.1064,133
61A3B006266,228.9067,423.0551,133
61A3B000400,345.1275,574.2933,134
61A3B005080,194.56,351.3725,134
61A3B005082,367.5733,701.3333,134
61A3B002507,545.4933,572.0548,134
61A3B004428,276.9067,703.1111,134
61A3B004462,276.6933,453.9259,135
61A3B005716,239.5733,354.807,135
61A3B000214,293.5467,422.1069,135
61A3B003914,210.3467,613.6889,135
61A3B005358,539.7333,532.9067,135
61A3B005148,380.8,440.9492,136
61A3B003103,301.44,537.8462,136
61A3B006598,286.1972,580.129,136
61A3B004911,264.1067,390.4561,136
61A3B005019,553.6,488.1067,136
61A3B006242,456.7467,652.0615,137
61A3B005073,181.9733,376.7018,137
61A3B006588,270.9333,455.6581,137
61A3B005018,266.8138,378.022,137
61A3B004262,256.64,397.3333,137
61A3B005690,507.52,587.7333,138
61A3B002735,287.1233,761.6,138
61A3B006592,241.28,382.8652,138
61A3B004987,306.1333,442.88,138
61A3B005105,268.16,417.5422,138
61A3B002754,352.64,555.9467,139
61A3B003212,577.7067,554.6667,139
61A3B006878,224.2133,385.6842,139
61A3B003195,307.4133,790.1538,139
61A3B004257,383.36,647.68,139
61A3B001914,269.1007,383.0154,140
61A3B002650,553.8133,476.5867,140
61A3B005041,253.2267,473.3333,140
61A3B006876,569.9866,600.7154,140
61A3B006719,250.0267,427.541,140
61A3B006743,333.2267,737.3008,141
61A3B003251,237.0133,408.6929,141
61A3B003743,521.6,636.6434,141
61A3B001923,190.08,401.7778,141
61A3B006875,280.1067,615.7983,141
61A3B003469,574.72,530.56,142
61A3B004579,533.76,478.08,142
61A3B005376,292.9067,727.5789,142
61A3B005627,268.8,724,142
61A3B006007,341.9733,607.5,142
61A3B005001,215.68,672,143
61A3B006135,534.8267,484.0533,143
61A3B005017,303.5733,684.9901,143
61A3B002308,296.7467,496.1616,143
61A3B005725,341.12,703.6667,143
61A3B002404,182.6133,377.2121,144
61A3B001924,558.1745,474.0267,144
61A3B006599,557.2267,582.8235,144
61A3B003463,247.8933,411.469,144
61A3B003496,251.3067,393.7851,144
61A3B006978,236.16,402.5263,145
61A3B006962,583.7315,511.1467,145
61A3B006723,264.5333,424.7742,145
61A3B004150,266.88,691.1008,145
61A3B002307,556.3733,456.96,145
61A3B000696,498.9867,529.92,146
61A3B005680,167.04,332.9123,146
61A3B006177,246.6133,394.7481,146
61A3B002671,211.2877,430.1333,146
61A3B006724,553.3867,701.9636,146
61A3B002301,253.0133,504.1096,147
61A3B001958,224.64,396.5902,147
61A3B006009,564.6933,467.4133,147
61A3B006602,257.0811,376.3692,147
61A3B006008,260.0533,375.662,147
61A3B005730,542.0541,576.4295,148
61A3B004839,232.96,354.0157,148
61A3B006623,527.4631,443.0933,148
61A3B003244,573.8523,492.5867,148
61A3B003489,570.24,643.531,148
61A3B004994,265.8133,443.2868,149
61A3B004244,344.1067,425.4545,149
61A3B005480,172.16,400.6154,149
61A3B002254,346.6667,516.2667,149
61A3B004667,566.6133,478.08,149
61A3B001926,557.44,745.8462,150
61A3B002306,561.7067,538.88,150
61A3B006587,545.0667,527.4631,150
61A3B004119,220.16,354.0813,150
61A3B003467,249.8133,604.0702,150
61A3B006586,229.3333,383.0588,151
61A3B006589,550.4,749.8667,151
61A3B004241,211.4133,416.3404,151
61A3B002255,275.5436,502.8571,151
61A3B004991,572.3733,546.3784,151
61A3B003493,549.12,620.3636,152
61A3B004123,574.08,634.8986,152
61A3B004128,559.0204,572.9103,152
61A3B002262,623.3043,562.3467,152
61A3B001843,246.9799,542.25,152
61A3B001817,537.863,641.9394,153
61A3B006593,529.0667,599.4965,153
61A3B006616,298.88,499.823,153
61A3B003468,288.6443,541.3818,153
61A3B005509,516.48,576,153
61A3B003498,262.7483,409.4815,154
61A3B006888,540.9524,624.9796,154
61A3B002228,412.5867,636.4746,154
61A3B005722,205.6216,390.5041,154
61A3B005511,448.8533,751.8505,154
61A3B005679,560.8533,504.32,155
61A3B005245,258.2857,587.102,155
61A3B002230,566.7027,564.8112,155
61A3B002850,273.5342,622.7862,155
61A3B002896,205.3953,693.7872,155
61A3B001921,230.8267,482.2588,156
61A3B006596,246.4,382.4262,156
61A3B002253,225.7067,417.4769,156
61A3B003470,215.8933,588.1008,156
61A3B002931,376.5333,633.3023,156
61A3B002803,265.8133,655.75,157
61A3B003495,223.1467,742.4962,157
61A3B006597,556.16,597.3333,157
61A3B004992,553.3867,596.6027,157
61A3B001831,169.6,442.3226,157
61A3B002251,540.3733,571.3285,158
61A3B002249,526.72,480.8533,158
61A3B002256,563.6267,499.84,158
61A3B004122,544.2286,569.557,158
61A3B001327,553.4897,475.0933,158
61A3B005720,291.3208,656.8533,159
61A3B001833,559.5733,524.4082,159
61A3B001815,584.4324,620,159
61A3B003615,516.6933,519.04,159
61A3B003494,251.3067,688.2286,159
61A3B004126,572.8,487.8933,160
61A3B002453,532.6933,506.6667,160
61A3B005686,545.0667,504.5333,160
61A3B006594,541.2267,503.4667,160
61A3B002455,200.5333,381.8182,160
61A3B005510,545.7067,478.08,161
61A3B002552,548.0805,567.8389,161
61A3B002257,543.7867,575.3333,161
61A3B006590,180.0533,406.1031,161
61A3B006578,538.24,746.8,161
61A3B002446,513.92,688.2909,162
61A3B002845,539.0933,637.6216,162
61A3B003487,303.4631,568.8,162
61A3B001820,288.4507,412.7244,162
61A3B002551,257.6,406.5455,162
61A3B003941,247.1351,400.9143,163
61A3B002252,215.4521,638.6667,163
61A3B002227,178.56,370.789,163
61A3B002459,202.6667,281.3913,163
61A3B003497,473.9866,684.5793,163
61A3B006879,565.76,576,164
61A3B001999,338.9867,525.0133,164
61A3B003488,542.2933,553.6,164
61A3B002932,225.2886,318.3505,164
61A3B002934,224,381.1429,164
61A3B003485,487.8933,736.9796,165
61A3B003584,596.1081,535.68,165
61A3B001876,600.338,573.8667,165
61A3B002933,222.9262,596.6222,165
61A3B002458,567.9389,570.0267,165
61A3B002447,500.2667,482.1333,166
61A3B001877,215.4667,370.4715,166
61A3B002454,245.3333,703.4667,166
61A3B006891,230.4,416,166
61A3B001928,550.5306,562.3467,166
61A3B006877,563.5918,554.0267,167
61A3B003939,573.1343,572.3733,167
61A3B006955,512.4267,509.8667,167
61A3B005247,559.36,563.4595,167
61A3B001879,307.4595,681.1765,167
61A3B006894,531.2,584.1067,168
61A3B001883,554.4397,493.44,168
61A3B001922,558.0146,575.7867,168
61A3B001818,597.4795,484.48,168
61A3B002898,344.7467,503.8933,168
61A3B006882,573.7778,548.7248,169
61A3B003942,297.3867,610.9091,169
61A3B006970,568.7671,540.16,169
61A3B002663,569.791,595.3289,169
61A3B003116,593.1163,496.2133,169
61A3B002804,543.5294,522.88,170
61A3B002456,503.8933,789.2048,170
61A3B006577,581.5467,592.8649,170
61A3B001961,595.3939,550.6133,170
61A3B001836,543.7867,491.7333,170
61A3B003944,201.3867,645.7436,171
61A3B006268,541.2267,596.48,171
61A3B001869,514.9867,500.2667,171
61A3B002217,267.0933,404.6545,171
61A3B006722,519.7315,510.9333,171
61A3B006559,516.9067,513.4933,172
61A3B006982,251.7333,619.5692,172
61A3B006291,204.8,367.4667,172
61A3B005682,542.2933,458.88,172
61A3B002310,410.6667,593.6271,172
61A3B006010,235.1888,641.203,173
61A3B005203,560.4267,475.3067,173
61A3B002350,546.56,545.0667,173
61A3B003067,576,554.0267,173
61A3B001484,567.68,484.0805,173
61A3B006379,159.7867,320.5203,174
61A3B006558,549.9733,479.1467,174
61A3B003472,567.9407,592.4444,174
61A3B005145,520.7467,560.8175,174
61A3B002525,544.2148,510.9333,174
61A3B004783,275.2,631.5214,175
61A3B004886,479.1467,462.5067,175
61A3B006753,362.8138,412.6197,175
61A3B002878,244.6933,425.4426,175
61A3B001742,258.9867,653.8824,175
61A3B006754,525.44,520.1067,176
61A3B000149,561.4933,476.5867,176
61A3B002283,562.1333,512.8533,176
61A3B003070,285.2081,580.2667,176
61A3B002509,503.8933,569.8207,176
61A3B006656,258.3467,665.2308,177
61A3B005190,261.5467,368.7619,177
61A3B006984,550.6133,500.2667,177
61A3B006527,182.1867,541.8667,177
61A3B005767,263.2533,342.1235,177
61A3B002893,602.9606,506.6667,178
61A3B006980,205.44,384.2623,178
61A3B001841,547.2,529.28,178
61A3B000189,604.0276,521.1733,178
61A3B006981,587.0933,579.6835,178
61A3B005054,248.698,365.0909,179
61A3B001014,543.36,497.92,179
61A3B006983,517.12,492.8,179
61A3B002221,269.8667,447.2195,179
61A3B006979,180.973,150.1867,179
61A3B001825,567.8933,496.2133,180
61A3B001884,245.3333,425.8462,180
61A3B006991,405.9733,479.7867,180
61A3B006580,616.5545,574.2703,180
61A3B006992,512.4267,529.28,180
61A3B001927,253.44,372.8485,181
61A3B005867,269.44,713.472,181
61A3B003501,570.6294,546.1333,181
61A3B002922,324.9067,652.4746,181
61A3B000044,580.028,556.16,181
61A3B006079,356.0533,650.4779,182
61A3B001881,527.5733,451.6267,182
61A3B000185,553.3867,466.9867,182
61A3B002258,247.5676,448.4923,182
61A3B001925,576.2207,516.2953,182
61A3B006985,552.7467,528.2133,183
61A3B002223,562.56,504.96,183
61A3B001819,260.2667,585.7185,183
61A3B006565,244.9067,472.678,183
61A3B000058,370.8993,700.6609,183
61A3B005192,517.3333,483.6267,184
61A3B001946,609.024,563.5436,184
61A3B005053,239.36,527.1724,184
61A3B004953,556.8,526.7027,184
61A3B006246,582.9371,521.6,184
61A3B001960,566.8267,611.0609,185
61A3B001951,541.4054,499.4133,185
61A3B001880,248.9128,508.0702,185
61A3B006566,567.9424,508.3733,185
61A3B000043,276.48,403.957,185
61A3B001035,239.5733,364.8627,186
61A3B001944,260.2667,709.1469,186
61A3B005187,267.7333,508.2205,186
61A3B002222,251.9467,458.4874,186
61A3B001254,247.8933,438.8197,186
61A3B001253,581.4737,581.12,187
61A3B001279,275.84,416.7619,187
61A3B006442,580.2667,590.1497,187
61A3B006078,284.8,432.5839,187
61A3B001930,533.76,496,187
61A3B001964,216.4494,316.058,188
61A3B004158,270.08,645.3782,188
61A3B002983,178.3784,216.2759,188
61A3B002986,220.3733,385.0579,188
61A3B004197,554.6667,573.44,188
61A3B006769,252.16,802.4889,189
61A3B006895,553.1733,509.44,189
61A3B006986,577.92,518.1867,189
61A3B005307,525.8667,708.1644,189
61A3B002273,305.92,691.8621,189
61A3B005075,253.4676,454.1069,190
61A3B006993,344.96,760.0602,190
61A3B004242,252.8,456.5138,190
61A3B004989,570.4533,617.6,190
61A3B004157,546.1333,461.8667,190
61A3B004455,440.5333,649.7589,191
61A3B004457,603.7113,509.44,191
61A3B004203,230.0134,391.5591,191
61A3B004461,231.6712,389.25,191
61A3B005863,269.2267,398.4225,191
61A3B005662,332.4179,508.7179,192
61A3B005429,587.7551,550.1867,192
61A3B001886,561.92,517.3333,192
61A3B006892,549.76,617.2055,192
61A3B000360,300.5867,658.5649,192
61A3B000357,325.9733,528.2133,193
61A3B002985,361.1733,449.6842,193
61A3B004264,215.68,369.9775,193
61A3B002920,621.6812,549.12,193
61A3B004121,418.3467,527.1467,193
61A3B001962,550.4,489.1733,194
61A3B001885,248.96,457.6744,194
61A3B001943,254.2933,406.7097,194
61A3B006898,565.12,689.3061,194
61A3B000409,548.4058,618.1622,194
61A3B001941,590.3893,639.36,195
61A3B002460,257.4933,454.4,195
61A3B001956,592.378,579.6267,195
61A3B006465,265.1733,451.1429,195
61A3B004245,232.5333,419.2897,195
61A3B006089,219.3067,438.229,196
61A3B006787,203.9467,402.9217,196
61A3B001957,266.0267,462.3673,196
61A3B000384,232.9863,664.9905,196
61A3B005595,109.8667,115.6267,196
61A3B006568,497.0667,613.6615,197
61A3B001887,289.7067,607.4182,197
61A3B006786,645.0732,508.5867,197
61A3B004151,522.24,507.52,197
61A3B006763,236.3733,424.186,197
61A3B003499,298.4533,458.314,198
61A3B001986,593.9291,486.1867,198
61A3B006761,278.4,607.1652,198
61A3B004263,568,498.1333,198
61A3B005837,260.48,498.0645,198
61A3B000355,232.5333,463.5077,199
61A3B003552,193.28,369.152,199
61A3B000411,314.6667,519.7913,199
61A3B001842,214.4,441.3217,199
61A3B001844,416.2133,613.0526,199
61A3B002014,235.3067,432.4752,200
61A3B004223,284.3733,579.3524,200
61A3B006904,256,428.9466,200
61A3B001991,401.3981,419.4783,200
61A3B002575,510.72,542.2933,200
61A3B001823,615.2329,561.415,201
61A3B005563,301.6533,687.2727,201
61A3B001989,334.2933,428.1379,201
61A3B001905,312.96,712.0808,201
61A3B001990,228.6933,394.843,201
61A3B002280,547.5804,763.5963,202
61A3B002425,489.6,551.8933,202
61A3B001998,209.4933,421.888,202
61A3B002013,170.0267,394.496,202
61A3B004310,218.88,411.9685,202
61A3B006880,269.8667,429.037,203
61A3B002219,263.68,443.5041,203
61A3B005838,246.4,364.1143,203
61A3B005676,257.5034,412.4724,203
61A3B003209,288.2133,437.1613,203
61A3B003931,207.7867,399.7377,204
61A3B006762,255.7823,712.7273,204
61A3B004226,267.9467,669.2374,204
61A3B001878,212.6803,390.5401,204
61A3B006771,343.1811,576.3516,204
61A3B005865,431.5733,475.4899,205
61A3B003502,224.2133,504,205
61A3B002248,259.3684,543.7311,205
61A3B004248,218.88,441.088,205
61A3B000358,556.8,599.2533,205
61A3B001959,234.4533,541.7822,206
61A3B001997,567.2533,550.1867,206
61A3B002259,219.3067,432.6838,206
61A3B006931,542.72,453.12,206
61A3B004145,236.3733,416,206
61A3B006772,545.0667,663.0631,207
61A3B003514,253.0133,442.6667,207
61A3B001834,247.4667,406.2476,207
61A3B001828,235.0933,473.6,207
61A3B005738,210.56,402.7119,207
61A3B006932,617.9858,501.3333,208
61A3B005479,282.88,641.9862,208
61A3B001826,207.7867,399.292,208
61A3B000141,255.1293,397.1765,208
61A3B001992,533.5467,549.12,208
61A3B005483,262.6133,440.8889,209
61A3B005868,303.1467,550.4,209
61A3B000144,253.8231,586.2857,209
61A3B006905,628.2817,555.9467,209
61A3B000142,248.2162,400.4776,209
61A3B002629,131.5556,594.5806,210
61A3B005481,368.64,620.3636,210
61A3B002519,275.6267,494.4696,210
61A3B005736,320.2133,408,210
61A3B002576,343.7838,567.6712,210
61A3B003512,225.7067,377.2632,211
61A3B001017,241.92,391.1405,211
61A3B001821,170.965,401.6552,211
61A3B005485,561.7231,594.1333,211
61A3B006897,376.1067,754.087,211
61A3B006094,275.027,599.395,212
61A3B005866,577.28,744.1702,212
61A3B005566,554.88,566.1867,212
61A3B006331,247.04,330.6667,212
61A3B005482,493.0133,618.2069,212
61A3B006017,222.9333,377.8462,213
61A3B003551,207.1467,397.0169,213
61A3B000240,551.8933,522.4533,213
61A3B002267,193.7181,266.6667,213
61A3B000383,535.04,524.3733,213
61A3B002275,228.0533,407.0508,214
61A3B002806,220.8,402.8718,214
61A3B003490,533.9733,549.3333,214
61A3B000143,251.7333,455.2605,214
61A3B005248,243.2,416.5039,214
61A3B001888,182.9517,720,215
61A3B001390,227.84,349.1148,215
61A3B006934,234.6667,410.566,215
61A3B001822,273.0667,401.3858,215
61A3B005735,575.5077,521.8133,215
61A3B003513,276.48,434.2519,216
61A3B002634,556.16,509.8667,216
61A3B001987,552.32,533.9733,216
61A3B006764,616.2222,574.6759,216
61A3B002426,220.4932,420.2667,216
61A3B001392,207.5733,573.3084,217
61A3B000855,213.12,327.7949,217
61A3B006339,501.5467,689.92,217
61A3B005029,594.7733,491.7333,217
61A3B005128,276.48,434.688,217
61A3B002517,242.3467,407.7876,218
61A3B005130,308.0533,641.7778,218
61A3B005356,207.7867,403.5398,218
61A3B003287,259.4362,371.8835,218
61A3B001988,533.12,504.1067,218
61A3B000031,273.4933,492.6792,219
61A3B006526,603.6692,465.28,219
61A3B006874,229.12,411.3103,219
61A3B005094,290.6122,700.1081,219
61A3B001389,549.3333,538.4533,219
61A3B001090,469.76,523.3067,220
61A3B001281,281.1733,449.0756,220
61A3B001368,553.1733,532.2667,220
61A3B006390,261.9733,694.8174,220
61A3B005092,584.8615,506.0267,220
61A3B000070,305.9459,586.0267,221
61A3B006466,376.32,659.8919,221
61A3B002596,524.5867,523.3067,221
61A3B005002,560.8058,520.1067,221
61A3B002264,269.8667,409.9528,221
61A3B006896,147.4133,382.2703,222
61A3B002224,266.0267,618.3619,222
61A3B002250,213.4135,452.9836,222
61A3B000062,252.16,708.4959,222
61A3B001034,363.7333,791.8195,222
61A3B005882,536.96,530.7733,223
61A3B005061,590.0274,491.52,223
61A3B005355,297.6,439.1429,223
61A3B001097,341.3333,664.0792,223
61A3B005004,347.9467,525.0133,223
61A3B004259,539.3067,474.24,224
61A3B001216,294.8267,728.5161,224
61A3B003288,376.5333,633.7049,224
61A3B006721,594.9333,457.8133,224
61A3B005820,673.7778,559.8912,224
61A3B005871,258.5772,401.3858,225
61A3B003492,245.3333,628.2105,225
61A3B005855,549.3333,605.9747,225
61A3B001375,287.7867,488.2759,225
61A3B001871,583.8769,546.7733,225
61A3B000695,288.2133,363.4872,226
61A3B004981,286.72,473.2308,226
61A3B000372,270.2703,366.6767,226
61A3B002895,267.7333,422.4,226
61A3B005547,551.2533,548.3025,226

