date,serial_number,model,capacity_bytes,failure,smart_1_normalized,smart_1_raw,smart_2_normalized,smart_2_raw,smart_3_normalized,smart_3_raw,smart_4_normalized,smart_4_raw,smart_5_normalized,smart_5_raw,smart_7_normalized,smart_7_raw,smart_8_normalized,smart_8_raw,smart_9_normalized,smart_9_raw,smart_10_normalized,smart_10_raw,smart_11_normalized,smart_11_raw,smart_12_normalized,smart_12_raw,smart_13_normalized,smart_13_raw,smart_15_normalized,smart_15_raw,smart_22_normalized,smart_22_raw,smart_183_normalized,smart_183_raw,smart_184_normalized,smart_184_raw,smart_187_normalized,smart_187_raw,smart_188_normalized,smart_188_raw,smart_189_normalized,smart_189_raw,smart_190_normalized,smart_190_raw,smart_191_normalized,smart_191_raw,smart_192_normalized,smart_192_raw,smart_193_normalized,smart_193_raw,smart_194_normalized,smart_194_raw,smart_195_normalized,smart_195_raw,smart_196_normalized,smart_196_raw,smart_197_normalized,smart_197_raw,smart_198_normalized,smart_198_raw,smart_199_normalized,smart_199_raw,smart_200_normalized,smart_200_raw,smart_201_normalized,smart_201_raw,smart_220_normalized,smart_220_raw,smart_222_normalized,smart_222_raw,smart_223_normalized,smart_223_raw,smart_224_normalized,smart_224_raw,smart_225_normalized,smart_225_raw,smart_226_normalized,smart_226_raw,smart_240_normalized,smart_240_raw,smart_241_normalized,smart_241_raw,smart_242_normalized,smart_242_raw,smart_250_normalized,smart_250_raw,smart_251_normalized,smart_251_raw,smart_252_normalized,smart_252_raw,smart_254_normalized,smart_254_raw,smart_255_normalized,smart_255_raw
3.00E+12,MJ0351YNG9Z0XA,Hitachi HDS5C3030ALA630,3.00E+12,0,100,0,135,108,143,540,100,14,100,0,100,0,124,36,98,19313,100,0,,,100,14,,,,,,,,,,,,,,,,,,,,,100,118,100,118,253,21,,,100,0,100,0,100,0,200,0,,,,,,,,,,,,,,,,,,,,,,,,,,,,,,,,
2015/1/7,MJ0351YNG9WJSA,Hitachi HDS5C3030ALA630,3.00E+12,0,100,0,136,104,127,556,100,19,100,2,100,0,122,37,98,19379,100,0,,,100,19,,,,,,,,,,,,,,,,,,,,,100,148,100,148,222,27,,,100,2,100,0,100,0,200,0,,,,,,,,,,,,,,,,,,,,,,,,,,,,,,,,
2015/1/7,MJ0351YNG9Z7LA,Hitachi HDS5C3030ALA630,3.00E+12,0,100,0,136,104,124,566,100,19,100,0,100,0,122,37,98,18876,100,0,,,100,18,,,,,,,,,,,,,,,,,,,,,100,122,100,122,250,24,,,100,0,100,0,100,0,200,0,,,,,,,,,,,,,,,,,,,,,,,,,,,,,,,,
2015/1/7,MJ0351YNGABYAA,Hitachi HDS5C3030ALA630,3.00E+12,0,100,0,136,104,137,507,100,15,100,0,100,0,122,37,98,18024,100,0,,,100,15,,,,,,,,,,,,,,,,,,,,,100,139,100,139,193,31,,,100,0,100,0,100,0,200,0,,,,,,,,,,,,,,,,,,,,,,,,,,,,,,,,
2015/1/7,WD-WMC4N2899475,WDC WD30EFRX,3.00E+12,0,200,0,,,174,6258,100,8,200,0,100,0,,,96,3592,100,0,100,0,100,8,,,,,,,,,,,,,,,,,,,,,200,3,200,51,123,27,,,200,0,200,0,100,0,200,0,100,0,,,,,,,,,,,,,,,,,,,,,,,,,,,,,,
2015/1/7,PL1321LAG34XWH,Hitachi HDS5C4040ALE630,4.00E+12,0,100,0,134,101,131,514,100,29,100,0,100,0,113,42,98,15973,100,0,,,100,29,,,,,,,,,,,,,,,,,,,,,100,40,100,40,206,29,,,100,0,100,0,100,0,200,0,,,,,,,,,,,,,,,,,,,,,,,,,,,,,,,,
2015/1/7,Z3023VGH,ST4000DM000,4.00E+12,0,108,17016192,,,99,0,100,1,100,0,81,118611361,,,98,2023,100,0,,,100,1,,,,,,,100,0,100,0,100,0,100,0,100,0,78,22,100,0,100,0,90,21951,22,22,,,,,100,0,100,0,200,0,,,,,,,,,,,,,,,,,100,1929,100,8908205585,100,40368632166,,,,,,,,,,
2015/1/7,PL1311LAG2205A,Hitachi HDS5C4040ALE630,4.00E+12,0,100,0,134,102,130,514,100,29,100,0,100,0,113,42,98,15975,100,0,,,100,29,,,,,,,,,,,,,,,,,,,,,100,40,100,40,222,27,,,100,0,100,0,100,0,200,0,,,,,,,,,,,,,,,,,,,,,,,,,,,,,,,,
2015/1/7,Z300JA8E,ST4000DM000,4.00E+12,0,114,68328864,,,93,0,100,7,100,0,78,58789827,,,87,11629,100,0,,,100,7,,,,,,,100,0,100,0,100,0,100,0,95,5,75,25,100,0,100,4,100,359,25,25,,,,,100,0,100,0,200,0,,,,,,,,,,,,,,,,,100,2.57E+14,100,21371513564,100,1.01E+11,,,,,,,,,,
2015/1/7,MJ1311YNG36USA,Hitachi HDS5C3030ALA630,3.00E+12,0,99,65537,100,0,125,561,100,15,100,67,100,0,100,0,97,27722,100,0,,,100,15,,,,,,,,,,,,,,,,,,,,,100,932,100,932,253,23,,,100,101,100,0,100,0,200,4,,,,,,,,,,,,,,,,,,,,,,,,,,,,,,,,
2015/1/7,PL2331LAGST25J,HGST HMS5C4040ALE640,4.00E+12,0,100,0,134,100,100,0,100,4,100,0,100,0,109,44,100,3537,100,0,,,100,3,,,,,,,,,,,,,,,,,,,,,100,56,100,56,250,24,,,100,0,100,0,100,0,200,0,,,,,,,,,,,,,,,,,,,,,,,,,,,,,,,,
2015/1/7,PL2331LAGN3UVJ,HGST HMS5C4040BLE640,4.00E+12,0,100,0,134,103,100,0,100,4,100,0,100,0,113,42,100,5362,100,0,,,100,4,,,,,,,,,,,,,,,,,,,,,100,10,100,10,240,25,,,100,0,100,0,100,0,200,0,,,,,,,,,,,,,,,,,,,,,,,,,,,,,,,,
2015/1/7,PL1311LAG3A84H,Hitachi HDS5C4040ALE630,4.00E+12,0,100,0,135,96,128,562,100,16,100,0,100,0,113,42,98,15477,100,0,,,100,15,,,,,,,,,,,,,,,,,,,,,100,19,100,19,253,23,,,100,0,100,0,100,0,200,0,,,,,,,,,,,,,,,,,,,,,,,,,,,,,,,,
2015/1/7,MJ0351YNG9ZZDA,Hitachi HDS5C3030ALA630,3.00E+12,0,100,0,136,102,133,524,100,29,100,0,100,0,124,36,98,17356,100,0,,,100,29,,,,,,,,,,,,,,,,,,,,,100,652,100,652,206,29,,,100,0,100,0,100,0,200,0,,,,,,,,,,,,,,,,,,,,,,,,,,,,,,,,
2015/1/7,PL1331LAGSNKMH,HGST HMS5C4040ALE640,4.00E+12,0,100,0,134,102,100,0,100,3,100,0,100,0,113,42,100,4140,100,0,,,100,3,,,,,,,,,,,,,,,,,,,,,100,71,100,71,166,36,,,100,0,100,0,100,0,200,0,,,,,,,,,,,,,,,,,,,,,,,,,,,,,,,,
2015/1/7,PL1331LAGSPEUH,HGST HMS5C4040ALE640,4.00E+12,0,100,0,134,101,100,441,100,6,100,0,100,0,113,42,100,3128,100,0,,,100,6,,,,,,,,,,,,,,,,,,,,,100,21,100,21,181,33,,,100,0,100,0,100,0,200,0,,,,,,,,,,,,,,,,,,,,,,,,,,,,,,,,
2015/1/7,MK0313YHGJ54WC,Hitachi HDS723030ALA640,3.00E+12,0,100,0,100,0,129,554,100,21,100,0,100,0,100,0,96,30869,100,0,,,100,21,,,,,,,,,,,,,,,,,,,,,100,1152,100,1152,171,35,,,100,0,100,0,100,0,200,0,,,,,,,,,,,,,,,,,,,,,,,,,,,,,,,,
2015/1/7,MJ1311YNG733NA,Hitachi HDS5C3030ALA630,3.00E+12,0,100,0,136,103,138,567,100,10,100,0,100,0,132,32,97,24028,100,0,,,100,10,,,,,,,,,,,,,,,,,,,,,100,12,100,12,240,25,,,100,0,100,0,100,0,200,0,,,,,,,,,,,,,,,,,,,,,,,,,,,,,,,,
2015/1/7,PL2331LAGSSBMJ,HGST HMS5C4040ALE640,4.00E+12,0,100,0,134,100,100,0,100,3,100,0,100,0,113,42,100,3534,100,0,,,100,3,,,,,,,,,,,,,,,,,,,,,100,52,100,52,253,20,,,100,0,100,0,100,0,200,0,,,,,,,,,,,,,,,,,,,,,,,,,,,,,,,,
2015/1/7,6XW019FL,ST31500541AS,1.50E+12,0,112,47491655,,,100,0,100,52,100,0,92,1846839325,,,47,46573,100,0,,,100,52,,,,,,,100,0,100,0,100,0,100,0,100,0,75,25,,,,,,,25,25,51,47491655,,,100,0,100,0,200,0,,,,,,,,,,,,,,,,,100,2.60E+14,100,121594439,100,1427284944,,,,,,,,,,
2015/1/7,PL1331LAGTU67H,HGST HMS5C4040ALE640,4.00E+12,0,100,0,134,101,100,460,100,8,100,0,100,0,115,41,100,2645,100,0,,,100,8,,,,,,,,,,,,,,,,,,,,,100,94,100,94,253,23,,,100,0,100,0,100,0,200,0,,,,,,,,,,,,,,,,,,,,,,,,,,,,,,,,
2015/1/7,MJ1311YNG37LLA,Hitachi HDS5C3030ALA630,3.00E+12,0,100,0,134,111,124,564,100,15,100,94,100,0,135,31,97,27473,100,0,,,100,13,,,,,,,,,,,,,,,,,,,,,100,17,100,17,240,25,,,100,141,100,0,100,0,200,0,,,,,,,,,,,,,,,,,,,,,,,,,,,,,,,,
2015/1/7,JK11A8B9H50XZF,Hitachi HDS722020ALA330,2.00E+12,0,100,0,134,97,100,481,100,7,100,0,100,0,121,35,98,19998,100,0,,,100,7,,,,,,,,,,,,,,,,,,,,,100,9,100,9,222,27,,,100,0,100,0,100,0,200,0,,,,,,,,,,,,,,,,,,,,,,,,,,,,,,,,
2015/1/7,PL1331LAGSA9YH,HGST HMS5C4040ALE640,4.00E+12,0,100,0,133,104,100,0,100,4,100,0,100,0,111,43,100,4881,100,0,,,100,4,,,,,,,,,,,,,,,,,,,,,100,65,100,65,206,29,,,100,0,100,0,100,0,200,0,,,,,,,,,,,,,,,,,,,,,,,,,,,,,,,,
2015/1/7,PL2331LAGPS2TJ,HGST HMS5C4040ALE640,4.00E+12,0,100,0,134,100,100,559,100,6,100,0,100,0,113,42,100,5049,100,0,,,100,6,,,,,,,,,,,,,,,,,,,,,100,151,100,151,230,26,,,100,0,100,0,100,0,200,0,,,,,,,,,,,,,,,,,,,,,,,,,,,,,,,,
2015/1/7,JK1170YAJDAM3T,Hitachi HDS722020ALA330,2.00E+12,0,100,0,100,0,116,621,100,25,100,0,100,0,100,0,95,37276,100,0,,,100,24,,,,,,,,,,,,,,,,,,,,,100,647,100,647,166,36,,,100,0,100,0,100,0,200,0,,,,,,,,,,,,,,,,,,,,,,,,,,,,,,,,
2015/1/7,PL2331LAGM7MSJ,HGST HMS5C4040BLE640,4.00E+12,0,100,0,134,100,100,0,100,4,100,0,100,0,113,42,100,5481,100,0,,,100,4,,,,,,,,,,,,,,,,,,,,,100,15,100,15,214,28,,,100,0,100,0,100,0,200,0,,,,,,,,,,,,,,,,,,,,,,,,,,,,,,,,
2015/1/7,5XW03ZYZ,ST31500541AS,1.50E+12,0,115,88797059,,,100,0,100,29,100,0,92,1725042321,,,52,42815,100,0,,,100,29,,,,,,,100,0,100,0,100,0,100,0,98,2,69,31,,,,,,,31,31,49,88797059,,,100,0,100,0,200,0,,,,,,,,,,,,,,,,,100,2.44E+13,100,1064646026,100,4082948679,,,,,,,,,,
2015/1/7,MJ0351YNGA6U0A,Hitachi HDS5C3030ALA630,3.00E+12,0,100,0,136,103,139,557,100,12,100,0,100,0,122,37,98,18549,100,0,,,100,12,,,,,,,,,,,,,,,,,,,,,100,104,100,104,222,27,,,100,0,100,0,100,0,200,0,,,,,,,,,,,,,,,,,,,,,,,,,,,,,,,,
2015/1/7,PL1331LAGRZ5UH,HGST HMS5C4040ALE640,4.00E+12,0,100,0,134,102,100,0,100,4,100,0,100,0,115,41,100,5000,100,0,,,100,4,,,,,,,,,,,,,,,,,,,,,100,96,100,96,200,30,,,100,0,100,0,100,0,200,0,,,,,,,,,,,,,,,,,,,,,,,,,,,,,,,,
2015/2/1,MJ0351YNG9Z0XA,Hitachi HDS5C3030ALA630,3.00E+12,0,100,0,135,108,143,540,100,14,100,0,100,0,122,37,98,19913,100,0,,,100,14,,,,,,,,,,,,,,,,,,,,,100,121,100,121,253,20,,,100,0,100,0,100,0,200,0,,,,,,,,,,,,,,,,,,,,,,,,,,,,,,,,
2015/2/1,MJ0351YNG9WJSA,Hitachi HDS5C3030ALA630,3.00E+12,0,100,0,136,104,127,556,100,19,100,2,100,0,122,37,98,19980,100,0,,,100,19,,,,,,,,,,,,,,,,,,,,,100,148,100,148,214,28,,,100,2,100,0,100,0,200,0,,,,,,,,,,,,,,,,,,,,,,,,,,,,,,,,
2015/2/1,MJ0351YNG9Z7LA,Hitachi HDS5C3030ALA630,3.00E+12,0,100,0,136,104,124,566,100,19,100,0,100,0,122,37,98,19476,100,0,,,100,18,,,,,,,,,,,,,,,,,,,,,100,123,100,123,240,25,,,100,0,100,0,100,0,200,0,,,,,,,,,,,,,,,,,,,,,,,,,,,,,,,,
2015/2/1,MJ0351YNGABYAA,Hitachi HDS5C3030ALA630,3.00E+12,0,100,0,136,104,137,507,100,15,100,0,100,0,122,37,98,18623,100,0,,,100,15,,,,,,,,,,,,,,,,,,,,,100,139,100,139,193,31,,,100,0,100,0,100,0,200,0,,,,,,,,,,,,,,,,,,,,,,,,,,,,,,,,
2015/2/1,WD-WMC4N2899475,WDC WD30EFRX,3.00E+12,0,200,0,,,174,6258,100,8,200,0,100,0,,,95,4191,100,0,100,0,100,8,,,,,,,,,,,,,,,,,,,,,200,3,200,73,124,26,,,200,0,200,0,100,0,200,0,100,0,,,,,,,,,,,,,,,,,,,,,,,,,,,,,,
2015/2/1,PL1321LAG34XWH,Hitachi HDS5C4040ALE630,4.00E+12,0,100,0,134,101,131,514,100,29,100,0,100,0,113,42,98,16573,100,0,,,100,29,,,,,,,,,,,,,,,,,,,,,100,40,100,40,200,30,,,100,0,100,0,100,0,200,0,,,,,,,,,,,,,,,,,,,,,,,,,,,,,,,,
2015/2/1,Z3023VGH,ST4000DM000,4.00E+12,0,114,75171016,,,96,0,100,4,100,0,81,4437525469,,,98,2623,100,0,,,100,4,,,,,,,100,0,100,0,100,0,100,0,100,0,76,24,100,0,100,1,86,29499,24,24,,,,,100,0,100,0,200,0,,,,,,,,,,,,,,,,,100,2498,100,9703001930,100,62810092707,,,,,,,,,,
2015/2/1,PL1311LAG2205A,Hitachi HDS5C4040ALE630,4.00E+12,0,100,0,134,102,130,514,100,29,100,0,100,0,113,42,98,16575,100,0,,,100,29,,,,,,,,,,,,,,,,,,,,,100,40,100,40,206,29,,,100,0,100,0,100,0,200,0,,,,,,,,,,,,,,,,,,,,,,,,,,,,,,,,
2015/2/1,Z300JA8E,ST4000DM000,4.00E+12,0,118,182223584,,,93,0,100,7,100,0,80,107796725,,,87,12229,100,0,,,100,7,,,,,,,100,0,100,0,100,0,100,0,95,5,76,24,100,0,100,4,100,359,24,24,,,,,100,0,100,0,200,0,,,,,,,,,,,,,,,,,100,2.56E+14,100,21946839434,100,1.04E+11,,,,,,,,,,
2015/2/1,MJ1311YNG36USA,Hitachi HDS5C3030ALA630,3.00E+12,0,100,0,100,0,125,561,100,15,100,67,100,0,100,0,96,28322,100,0,,,100,15,,,,,,,,,,,,,,,,,,,,,100,955,100,955,253,23,,,100,101,100,0,100,0,200,4,,,,,,,,,,,,,,,,,,,,,,,,,,,,,,,,
2015/2/1,PL2331LAGST25J,HGST HMS5C4040ALE640,4.00E+12,0,100,0,134,100,100,0,100,4,100,0,100,0,111,43,100,4137,100,0,,,100,3,,,,,,,,,,,,,,,,,,,,,100,58,100,58,240,25,,,100,0,100,0,100,0,200,0,,,,,,,,,,,,,,,,,,,,,,,,,,,,,,,,
2015/2/1,PL2331LAGN3UVJ,HGST HMS5C4040BLE640,4.00E+12,0,100,0,133,104,100,0,100,4,100,0,100,0,113,42,100,5962,100,0,,,100,4,,,,,,,,,,,,,,,,,,,,,100,12,100,12,230,26,,,100,0,100,0,100,0,200,0,,,,,,,,,,,,,,,,,,,,,,,,,,,,,,,,
2015/2/1,PL1311LAG3A84H,Hitachi HDS5C4040ALE630,4.00E+12,0,100,0,135,96,128,562,100,16,100,0,100,0,113,42,98,16077,100,0,,,100,15,,,,,,,,,,,,,,,,,,,,,100,19,100,19,253,23,,,100,0,100,0,100,0,200,0,,,,,,,,,,,,,,,,,,,,,,,,,,,,,,,,
2015/2/1,MJ0351YNG9ZZDA,Hitachi HDS5C3030ALA630,3.00E+12,0,100,0,136,104,133,524,100,29,100,0,100,0,124,36,98,17956,100,0,,,100,29,,,,,,,,,,,,,,,,,,,,,100,653,100,653,200,30,,,100,0,100,0,100,0,200,0,,,,,,,,,,,,,,,,,,,,,,,,,,,,,,,,
2015/2/1,PL1331LAGSNKMH,HGST HMS5C4040ALE640,4.00E+12,0,100,0,134,102,100,0,100,3,100,0,100,0,113,42,100,4740,100,0,,,100,3,,,,,,,,,,,,,,,,,,,,,100,71,100,71,166,36,,,100,0,100,0,100,0,200,0,,,,,,,,,,,,,,,,,,,,,,,,,,,,,,,,
2015/2/1,PL1331LAGSPEUH,HGST HMS5C4040ALE640,4.00E+12,0,100,0,134,101,100,441,100,6,100,0,100,0,113,42,100,3728,100,0,,,100,6,,,,,,,,,,,,,,,,,,,,,100,21,100,21,176,34,,,100,0,100,0,100,0,200,0,,,,,,,,,,,,,,,,,,,,,,,,,,,,,,,,
2015/2/1,MK0313YHGJ54WC,Hitachi HDS723030ALA640,3.00E+12,0,100,65536,100,0,129,554,100,21,100,0,100,0,100,0,96,31469,100,0,,,100,21,,,,,,,,,,,,,,,,,,,,,100,1176,100,1176,187,32,,,100,0,100,0,100,0,200,0,,,,,,,,,,,,,,,,,,,,,,,,,,,,,,,,
2015/2/1,MJ1311YNG733NA,Hitachi HDS5C3030ALA630,3.00E+12,0,100,0,136,103,138,567,100,10,100,0,100,0,132,32,97,24628,100,0,,,100,10,,,,,,,,,,,,,,,,,,,,,100,12,100,12,240,25,,,100,0,100,0,100,0,200,0,,,,,,,,,,,,,,,,,,,,,,,,,,,,,,,,
2015/2/1,PL2331LAGSSBMJ,HGST HMS5C4040ALE640,4.00E+12,0,100,0,134,100,100,0,100,3,100,0,100,0,113,42,100,4135,100,0,,,100,3,,,,,,,,,,,,,,,,,,,,,100,57,100,57,253,21,,,100,0,100,0,100,0,200,0,,,,,,,,,,,,,,,,,,,,,,,,,,,,,,,,
2015/2/1,6XW019FL,ST31500541AS,1.50E+12,0,117,141036805,,,100,0,100,54,100,0,93,1881597990,,,47,47172,100,0,,,100,54,,,,,,,100,0,100,0,100,0,100,0,100,0,74,26,,,,,,,26,26,51,141036805,,,100,0,100,0,200,0,,,,,,,,,,,,,,,,,100,7.15E+13,100,175720875,100,2118771484,,,,,,,,,,
2015/2/1,PL1331LAGTU67H,HGST HMS5C4040ALE640,4.00E+12,0,100,0,134,101,100,460,100,8,100,0,100,0,113,42,100,3245,100,0,,,100,8,,,,,,,,,,,,,,,,,,,,,100,114,100,114,240,25,,,100,0,100,0,100,0,200,0,,,,,,,,,,,,,,,,,,,,,,,,,,,,,,,,
2015/2/1,MJ1311YNG37LLA,Hitachi HDS5C3030ALA630,3.00E+12,0,100,0,134,111,124,564,100,15,100,94,100,0,135,31,96,28073,100,0,,,100,13,,,,,,,,,,,,,,,,,,,,,100,17,100,17,240,25,,,100,141,100,0,100,0,200,0,,,,,,,,,,,,,,,,,,,,,,,,,,,,,,,,
2015/2/1,JK11A8B9H50XZF,Hitachi HDS722020ALA330,2.00E+12,0,100,0,134,97,100,481,100,7,100,0,100,0,123,34,98,20598,100,0,,,100,7,,,,,,,,,,,,,,,,,,,,,100,10,100,10,214,28,,,100,0,100,0,100,0,200,0,,,,,,,,,,,,,,,,,,,,,,,,,,,,,,,,
2015/2/1,PL1331LAGSA9YH,HGST HMS5C4040ALE640,4.00E+12,0,100,0,133,104,100,0,100,4,100,0,100,0,109,44,100,5482,100,0,,,100,4,,,,,,,,,,,,,,,,,,,,,100,67,100,67,214,28,,,100,0,100,0,100,0,200,0,,,,,,,,,,,,,,,,,,,,,,,,,,,,,,,,
2015/2/1,PL2331LAGPS2TJ,HGST HMS5C4040ALE640,4.00E+12,0,100,0,134,100,100,559,100,6,100,0,100,0,113,42,100,5649,100,0,,,100,6,,,,,,,,,,,,,,,,,,,,,100,157,100,157,222,27,,,100,0,100,0,100,0,200,0,,,,,,,,,,,,,,,,,,,,,,,,,,,,,,,,
2015/2/1,JK1170YAJDAM3T,Hitachi HDS722020ALA330,2.00E+12,0,100,1,100,0,116,621,100,25,100,0,100,0,100,0,95,37875,100,0,,,100,24,,,,,,,,,,,,,,,,,,,,,100,650,100,650,162,37,,,100,0,100,0,100,0,200,0,,,,,,,,,,,,,,,,,,,,,,,,,,,,,,,,
2015/2/1,PL2331LAGM7MSJ,HGST HMS5C4040BLE640,4.00E+12,0,100,0,134,100,100,0,100,4,100,0,100,0,113,42,100,6081,100,0,,,100,4,,,,,,,,,,,,,,,,,,,,,100,15,100,15,214,28,,,100,0,100,0,100,0,200,0,,,,,,,,,,,,,,,,,,,,,,,,,,,,,,,,
2015/2/1,5XW03ZYZ,ST31500541AS,1.50E+12,0,114,230934745,,,100,0,100,29,100,0,92,1737353183,,,51,43416,100,0,,,100,29,,,,,,,100,0,100,0,100,0,100,0,98,2,67,33,,,,,,,33,33,50,230934745,,,100,0,100,0,200,0,,,,,,,,,,,,,,,,,100,2.09E+14,100,1086456377,100,2406021119,,,,,,,,,,
2015/2/1,Z302A067,ST4000DM000,4.00E+12,0,118,186490904,,,99,0,100,1,100,0,62,1632843,,,100,56,100,0,,,100,1,,,,,,,100,0,100,0,100,0,100,0,100,0,77,23,100,0,100,0,100,9,23,23,,,,,100,0,100,0,200,0,,,,,,,,,,,,,,,,,100,56,100,137825913,100,7878327594,,,,,,,,,,
2015/2/1,PL1331LAGRZ5UH,HGST HMS5C4040ALE640,4.00E+12,0,100,0,134,102,100,0,100,4,100,0,100,0,115,41,100,5600,100,0,,,100,4,,,,,,,,,,,,,,,,,,,,,100,96,100,96,193,31,,,100,0,100,0,100,0,200,0,,,,,,,,,,,,,,,,,,,,,,,,,,,,,,,,
2015/2/1,PL2331LAGM7YGJ,HGST HMS5C4040BLE640,4.00E+12,0,100,0,133,104,100,448,100,7,100,0,100,0,111,43,100,6634,100,0,,,100,7,,,,,,,,,,,,,,,,,,,,,100,102,100,102,187,32,,,100,0,100,0,100,0,200,0,,,,,,,,,,,,,,,,,,,,,,,,,,,,,,,,
2015/2/1,PL1311LAG1RTPA,Hitachi HDS5C4040ALE630,4.00E+12,0,100,0,132,111,126,557,100,16,100,0,100,0,111,43,98,17458,100,0,,,100,16,,,,,,,,,,,,,,,,,,,,,100,20,100,20,253,19,,,100,0,100,0,100,0,200,0,,,,,,,,,,,,,,,,,,,,,,,,,,,,,,,,
2015/2/1,PL1311LAG1SJAA,Hitachi HDS5C4040ALE630,4.00E+12,0,100,0,135,99,123,567,100,18,100,0,100,0,113,42,98,16622,100,0,,,100,18,,,,,,,,,,,,,,,,,,,,,100,22,100,22,240,25,,,100,0,100,0,100,0,200,0,,,,,,,,,,,,,,,,,,,,,,,,,,,,,,,,
2015/2/1,WD-WCAV5M690585,WDC WD10EADS,1.00E+12,0,200,0,,,193,6316,100,89,200,0,200,0,,,59,30429,100,0,100,0,100,87,,,,,,,,,,,,,,,,,,,,,200,69,1,1700517,122,25,,,200,0,200,0,100,0,200,0,100,0,,,,,,,,,,,,,,,,,,,,,,,,,,,,,,
2015/2/1,Z300X922,ST4000DM000,4.00E+12,0,117,124936120,,,96,0,100,4,100,0,89,837320569,,,89,9892,100,0,,,100,4,,,,,,,100,0,100,0,100,0,100,0,97,3,77,23,100,0,100,2,100,685,23,23,,,,,100,0,100,0,200,0,,,,,,,,,,,,,,,,,100,2.41E+14,100,17602227076,100,1.61E+11,,,,,,,,,,
2015/2/1,Z290YGNR,ST33000651AS,3.00E+12,0,118,184725950,,,89,0,100,36,100,0,82,196409554,,,68,28080,100,0,,,100,35,,,,,,,100,0,100,0,100,0,100,2,99,1,72,28,100,0,100,13,100,36,28,28,34,184725950,,,100,0,100,0,200,1,,,,,,,,,,,,,,,,,100,9.66E+12,100,2345242015,100,3196339920,,,,,,,,,,
2015/2/1,Z30111FC,ST4000DM000,4.00E+12,0,116,106293224,,,97,0,100,3,100,0,88,715780036,,,91,8671,100,0,,,100,3,,,,,,,100,0,100,0,100,0,100,0,98,2,78,22,100,0,100,1,99,2945,22,22,,,,,100,0,100,0,200,0,,,,,,,,,,,,,,,,,100,1.09E+13,100,15977211208,100,1.42E+11,,,,,,,,,,
2015/2/1,PL2331LAGUM64J,HGST HMS5C4040ALE640,4.00E+12,0,100,0,133,106,100,448,100,9,100,0,100,0,113,42,100,2957,100,0,,,100,9,,,,,,,,,,,,,,,,,,,,,100,39,100,39,230,26,,,100,0,100,0,100,0,200,0,,,,,,,,,,,,,,,,,,,,,,,,,,,,,,,,
2015/2/1,JK1175YAK92GKX,Hitachi HDS722020ALA330,2.00E+12,0,100,0,100,0,114,631,100,18,100,0,100,0,100,0,95,39659,100,0,,,100,16,,,,,,,,,,,,,,,,,,,,,99,1259,99,1259,250,24,,,100,0,100,0,100,0,200,0,,,,,,,,,,,,,,,,,,,,,,,,,,,,,,,,
2015/2/1,MJ1323YNG1SKNC,Hitachi HDS5C3030ALA630,3.00E+12,0,100,0,100,0,124,562,100,15,100,0,100,0,100,0,96,29779,100,0,,,100,15,,,,,,,,,,,,,,,,,,,,,100,1104,100,1104,250,24,,,100,0,100,0,100,0,200,0,,,,,,,,,,,,,,,,,,,,,,,,,,,,,,,,
2015/2/1,MJ0351YNGAD7KA,Hitachi HDS5C3030ALA630,3.00E+12,0,100,0,136,104,143,525,100,14,100,0,100,0,122,37,98,18624,100,0,,,100,14,,,,,,,,,,,,,,,,,,,,,100,129,100,129,206,29,,,100,0,100,0,100,0,200,0,,,,,,,,,,,,,,,,,,,,,,,,,,,,,,,,
2015/2/1,JK1130YAG45GST,Hitachi HDS722020ALA330,2.00E+12,0,100,0,132,103,100,489,100,8,100,0,100,0,123,34,97,22539,100,0,,,100,8,,,,,,,,,,,,,,,,,,,,,100,8,100,8,253,22,,,100,0,100,0,100,0,200,0,,,,,,,,,,,,,,,,,,,,,,,,,,,,,,,,
2015/2/1,PL2331LAGU8MMJ,HGST HMS5C4040ALE640,4.00E+12,0,100,0,134,100,100,0,100,4,100,0,100,0,113,42,100,2934,100,0,,,100,4,,,,,,,,,,,,,,,,,,,,,100,56,100,56,253,18,,,100,0,100,0,100,0,200,0,,,,,,,,,,,,,,,,,,,,,,,,,,,,,,,,
2015/2/1,Z300WG7A,ST4000DM000,4.00E+12,0,117,147977584,,,91,0,100,15,100,0,87,637310511,,,90,9115,100,0,,,100,15,,,,,,,100,0,100,0,100,0,100,0,93,7,76,24,100,0,100,14,96,8757,24,24,,,,,100,0,100,0,200,0,,,,,,,,,,,,,,,,,100,1.72E+14,100,18454765899,100,93334153102,,,,,,,,,,
2015/2/1,PL2331LAGSU7HJ,HGST HMS5C4040ALE640,4.00E+12,0,100,0,134,100,100,0,100,4,100,0,100,0,113,42,100,4593,100,0,,,100,4,,,,,,,,,,,,,,,,,,,,,100,48,100,48,222,27,,,100,0,100,0,100,0,200,0,,,,,,,,,,,,,,,,,,,,,,,,,,,,,,,,
2015/2/1,PL1331LAGS1J6H,HGST HMS5C4040ALE640,4.00E+12,0,100,0,133,104,100,0,100,3,100,0,100,0,113,42,100,5456,100,0,,,100,3,,,,,,,,,,,,,,,,,,,,,100,27,100,27,250,24,,,100,0,100,0,100,0,200,0,,,,,,,,,,,,,,,,,,,,,,,,,,,,,,,,
2015/2/1,Z300WG7R,ST4000DM000,4.00E+12,0,108,19782176,,,91,0,100,11,100,0,89,810300122,,,89,9931,100,0,,,100,11,,,,,,,100,0,100,0,100,0,100,0,96,4,80,20,100,0,100,5,95,11222,20,20,,,,,100,0,100,0,200,0,,,,,,,,,,,,,,,,,100,2.26E+13,100,18149145912,100,1.57E+11,,,,,,,,,,
2015/2/1,JK11A8B9J8LJ3F,Hitachi HDS722020ALA330,2.00E+12,0,100,0,100,0,119,609,100,52,100,0,100,0,100,0,96,34464,100,0,,,100,52,,,,,,,,,,,,,,,,,,,,,100,880,100,880,214,28,,,100,0,100,0,100,0,200,0,,,,,,,,,,,,,,,,,,,,,,,,,,,,,,,,
2015/2/1,Z300WG7Z,ST4000DM000,4.00E+12,0,102,4525824,,,96,0,100,4,100,0,89,805740285,,,89,9933,100,0,,,100,4,,,,,,,100,0,100,0,100,0,100,0,100,0,79,21,100,0,100,1,94,12100,21,21,,,,,100,0,100,0,200,0,,,,,,,,,,,,,,,,,100,1.05E+14,100,18477640062,100,1.54E+11,,,,,,,,,,
2015/2/1,MJ0351YNG9T1JA,Hitachi HDS5C3030ALA630,3.00E+12,0,100,0,136,104,128,570,100,21,100,0,100,0,122,37,98,19476,100,0,,,100,21,,,,,,,,,,,,,,,,,,,,,100,139,100,139,250,24,,,100,0,100,0,100,0,200,0,,,,,,,,,,,,,,,,,,,,,,,,,,,,,,,,
2015/2/1,5XW00K1P,ST31500541AS,1.50E+12,0,112,43153134,,,100,0,100,72,100,0,91,1417278308,,,48,46413,100,0,,,100,72,,,,,,,100,0,100,0,100,0,100,0,98,2,74,26,,,,,,,26,26,49,43153134,,,100,0,100,0,200,0,,,,,,,,,,,,,,,,,100,6.82E+13,100,3962931826,100,1465437175,,,,,,,,,,
2015/2/1,MJ1311YNG5XUHA,Hitachi HDS5C3030ALA630,3.00E+12,0,100,65536,133,116,140,559,100,11,100,0,100,0,130,33,97,24688,100,0,,,100,11,,,,,,,,,,,,,,,,,,,,,100,13,100,13,240,25,,,100,0,100,0,100,0,200,0,,,,,,,,,,,,,,,,,,,,,,,,,,,,,,,,
2015/2/1,Z300X9EY,ST4000DM000,4.00E+12,0,117,155304648,,,92,0,100,11,100,0,89,821533235,,,89,9963,100,0,,,100,11,,,,,,,100,0,100,0,100,0,100,0,76,24,80,20,100,0,100,9,100,536,20,20,,,,,100,0,100,0,200,0,,,,,,,,,,,,,,,,,100,2.61E+14,100,18095827204,100,1.63E+11,,,,,,,,,,
2015/2/1,MJ1311YNG7BH3A,Hitachi HDS5C3030ALA630,3.00E+12,0,100,0,135,108,100,449,100,9,100,0,100,0,132,32,97,24297,100,0,,,100,9,,,,,,,,,,,,,,,,,,,,,100,12,100,12,222,27,,,100,0,100,0,100,0,200,0,,,,,,,,,,,,,,,,,,,,,,,,,,,,,,,,
2015/2/1,Z1Z0432J,ST4000DX000,4.00E+12,0,109,21992871,,,91,0,100,27,100,0,92,1830198774,,,83,15043,100,0,,,100,29,,,,,,,100,0,100,0,100,0,100,0,99,1,67,33,100,0,100,13,100,28,33,33,58,21992871,,,100,0,100,0,200,0,,,,,,,,,,,,,,,,,100,1.98E+14,100,22883509764,100,1.27E+11,,,,,,,,,,
2015/2/1,Z300X92Y,ST4000DM000,4.00E+12,0,119,212142976,,,92,0,100,16,100,0,86,9409161974,,,89,9963,100,0,,,100,16,,,,,,,100,0,100,0,100,0,100,0,92,8,76,24,100,0,100,11,100,535,24,24,,,,,100,0,100,0,200,0,,,,,,,,,,,,,,,,,100,2.09E+14,100,18230458210,100,1.63E+11,,,,,,,,,,
2015/2/1,PL2331LAGMNWSJ,HGST HMS5C4040BLE640,4.00E+12,0,100,0,134,100,100,435,100,8,100,0,100,0,115,41,100,6921,100,0,,,100,8,,,,,,,,,,,,,,,,,,,,,100,80,100,80,187,32,,,100,0,100,0,100,0,200,0,,,,,,,,,,,,,,,,,,,,,,,,,,,,,,,,
2015/2/1,PL2331LAGN4BUJ,HGST HMS5C4040BLE640,4.00E+12,0,100,0,134,100,100,0,100,4,100,0,100,0,113,42,100,5984,100,0,,,100,4,,,,,,,,,,,,,,,,,,,,,100,31,100,31,176,34,,,100,0,100,0,100,0,200,0,,,,,,,,,,,,,,,,,,,,,,,,,,,,,,,,
2015/2/1,PL2331LAGUKLRJ,HGST HMS5C4040ALE640,4.00E+12,0,100,0,136,95,100,0,100,3,100,0,100,0,113,42,100,2958,100,0,,,100,3,,,,,,,,,,,,,,,,,,,,,100,25,100,25,222,27,,,100,0,100,0,100,0,200,0,,,,,,,,,,,,,,,,,,,,,,,,,,,,,,,,
2015/2/1,Z3029FT4,ST4000DM000,4.00E+12,0,118,191268360,,,99,0,100,1,100,0,78,67839781,,,99,941,100,0,,,100,1,,,,,,,100,0,100,0,100,0,100,0,100,0,72,28,100,0,100,0,100,21,28,28,,,,,100,0,100,0,200,0,,,,,,,,,,,,,,,,,100,940,100,7322419225,100,17958134843,,,,,,,,,,
2015/2/1,W300J8DX,ST4000DM000,4.00E+12,0,117,125736216,,,92,0,100,15,100,0,89,839298726,,,87,11473,100,0,,,100,14,,,,,,,100,0,100,0,100,0,100,0,95,5,78,22,100,0,100,3,98,4640,22,22,,,,,100,0,100,0,200,0,,,,,,,,,,,,,,,,,100,2.08E+14,100,17448948020,100,1.74E+11,,,,,,,,,,
2015/2/1,MJ1311YNG7KRHA,Hitachi HDS5C3030ALA630,3.00E+12,0,100,0,135,107,137,564,100,11,100,0,100,0,130,33,97,24627,100,0,,,100,11,,,,,,,,,,,,,,,,,,,,,100,13,100,13,240,25,,,100,0,100,0,100,0,200,0,,,,,,,,,,,,,,,,,,,,,,,,,,,,,,,,
2015/2/1,PL1331LAGRKM2H,HGST HMS5C4040ALE640,4.00E+12,0,100,0,133,104,100,0,100,3,100,0,100,0,117,40,100,4951,100,0,,,100,3,,,,,,,,,,,,,,,,,,,,,100,74,100,74,187,32,,,100,0,100,0,100,0,200,0,,,,,,,,,,,,,,,,,,,,,,,,,,,,,,,,
2015/2/1,PL1331LAGTMN4H,HGST HMS5C4040ALE640,4.00E+12,0,100,0,134,101,100,0,100,3,100,0,100,0,115,41,100,3061,100,0,,,100,3,,,,,,,,,,,,,,,,,,,,,100,55,100,55,253,23,,,100,0,100,0,100,0,200,0,,,,,,,,,,,,,,,,,,,,,,,,,,,,,,,,
2015/2/1,Z300CWTK,ST4000DM000,4.00E+12,0,120,236569840,,,97,0,100,3,100,0,78,74710658,,,87,12255,100,0,,,100,3,,,,,,,99,1,100,0,100,0,100,0,100,0,83,17,100,0,100,1,97,6391,17,17,,,,,100,0,100,0,200,0,,,,,,,,,,,,,,,,,100,8.72E+12,100,22386934032,100,1.02E+11,,,,,,,,,,
2015/2/1,PL1331LAGM1YLH,HGST HMS5C4040BLE640,4.00E+12,0,100,0,134,100,100,0,100,4,100,0,100,0,113,42,100,5984,100,0,,,100,4,,,,,,,,,,,,,,,,,,,,,100,63,100,63,193,31,,,100,0,100,0,100,0,200,0,,,,,,,,,,,,,,,,,,,,,,,,,,,,,,,,
2015/2/1,MJ1311YNG305JA,Hitachi HDS5C3030ALA630,3.00E+12,0,100,0,100,0,136,565,100,14,100,0,100,0,100,0,96,28322,100,0,,,100,14,,,,,,,,,,,,,,,,,,,,,100,952,100,952,253,23,,,100,0,100,0,100,0,200,0,,,,,,,,,,,,,,,,,,,,,,,,,,,,,,,,
2015/2/1,Z300VGJ4,ST4000DM000,4.00E+12,0,119,203762192,,,91,0,100,12,100,0,89,861823642,,,89,9936,100,0,,,100,11,,,,,,,100,0,100,0,100,0,100,0,94,6,77,23,100,0,100,3,95,11174,23,23,,,,,100,0,100,0,200,0,,,,,,,,,,,,,,,,,100,7.30E+13,100,20038999920,100,1.06E+11,,,,,,,,,,
2015/2/1,JK1101B9GK6XJF,Hitachi HDS722020ALA330,2.00E+12,0,100,0,100,0,133,615,100,13,100,0,100,0,100,0,95,36769,100,0,,,100,13,,,,,,,,,,,,,,,,,,,,,100,982,100,982,230,26,,,100,0,100,0,100,0,200,7,,,,,,,,,,,,,,,,,,,,,,,,,,,,,,,,
2015/2/1,MJ0351YNG9UYDA,Hitachi HDS5C3030ALA630,3.00E+12,0,100,0,136,104,144,541,100,14,100,0,100,0,122,37,98,19913,100,0,,,100,14,,,,,,,,,,,,,,,,,,,,,100,109,100,109,253,22,,,100,0,100,0,100,0,200,0,,,,,,,,,,,,,,,,,,,,,,,,,,,,,,,,
2015/2/1,Z3025S3L,ST4000DM000,4.00E+12,0,119,212209544,,,99,0,100,1,100,0,78,63077430,,,99,1278,100,0,,,100,1,,,,,,,100,0,100,0,100,0,100,0,100,0,76,24,100,0,100,0,100,1457,24,24,,,,,100,0,100,0,200,0,,,,,,,,,,,,,,,,,100,1264,100,7727035936,100,12097816119,,,,,,,,,,
2015/2/1,W300JMQL,ST4000DM000,4.00E+12,0,107,13161264,,,92,0,100,20,100,0,89,853875011,,,86,12878,100,0,,,100,20,,,,,,,99,1,100,0,100,0,100,0,100,0,79,21,100,0,100,7,48,104824,21,21,,,,,100,0,100,0,200,0,,,,,,,,,,,,,,,,,100,1.64E+14,100,20599789264,100,2.34E+11,,,,,,,,,,
2015/2/1,Z300PAB5,ST4000DM000,4.00E+12,0,116,110018376,,,92,0,100,11,100,0,89,909685354,,,87,11453,100,0,,,100,11,,,,,,,100,0,100,0,100,0,100,0,99,1,73,27,100,0,100,6,97,7053,27,27,,,,,100,0,100,0,200,0,,,,,,,,,,,,,,,,,100,2.03E+14,100,19811423454,100,1.94E+11,,,,,,,,,,
2015/2/1,Z3015KLM,ST4000DM000,4.00E+12,0,116,112901120,,,94,0,100,6,100,0,75,21663709761,,,97,2961,100,0,,,100,5,,,,,,,100,0,100,0,100,0,100,0,100,0,75,25,100,0,100,0,99,3349,25,25,,,,,100,0,100,0,200,0,,,,,,,,,,,,,,,,,100,1.47E+14,100,11272818496,100,39771762165,,,,,,,,,,
2015/2/1,PL2331LAGUJMJJ,HGST HMS5C4040ALE640,4.00E+12,0,100,0,134,101,100,0,100,3,100,0,100,0,113,42,100,2959,100,0,,,100,3,,,,,,,,,,,,,,,,,,,,,100,25,100,25,222,27,,,100,0,100,0,100,0,200,0,,,,,,,,,,,,,,,,,,,,,,,,,,,,,,,,
2015/2/1,PL1331LAGSMU7H,HGST HMS5C4040ALE640,4.00E+12,0,100,0,133,104,100,405,100,8,100,0,100,0,111,43,100,4423,100,0,,,100,8,,,,,,,,,,,,,,,,,,,,,100,66,100,66,222,27,,,100,0,100,0,100,0,200,0,,,,,,,,,,,,,,,,,,,,,,,,,,,,,,,,
2015/2/1,PL1321LAGATWSH,Hitachi HDS5C4040ALE630,4.00E+12,0,100,0,134,102,128,523,100,19,100,0,100,0,113,42,98,15070,100,0,,,100,19,,,,,,,,,,,,,,,,,,,,,100,22,100,22,206,29,,,100,0,100,0,100,0,200,0,,,,,,,,,,,,,,,,,,,,,,,,,,,,,,,,
2015/2/1,WD-WCC4N0827364,WDC WD30EFRX,3.00E+12,0,200,0,,,179,6050,100,10,200,0,200,0,,,95,3750,100,0,100,0,100,10,,,,,,,,,,,,,,,,,,,,,200,4,200,230,128,22,,,200,0,200,0,100,0,200,0,100,0,,,,,,,,,,,,,,,,,,,,,,,,,,,,,,
2015/2/1,6XW0LCVC,ST31500541AS,1.50E+12,0,114,74242989,,,100,0,100,52,100,0,90,1032250971,,,59,36030,100,0,,,100,52,,,,,,,100,0,100,0,100,0,100,1,87,13,72,28,,,,,,,28,28,57,74242989,,,100,0,100,0,200,0,,,,,,,,,,,,,,,,,100,2.54E+14,100,1389760319,100,2300001045,,,,,,,,,,
2015/2/1,PL1331LAGRNP4H,HGST HMS5C4040ALE640,4.00E+12,0,100,0,133,104,100,432,100,5,100,0,100,0,111,43,100,5649,100,0,,,100,5,,,,,,,,,,,,,,,,,,,,,100,51,100,51,206,29,,,100,0,100,0,100,0,200,0,,,,,,,,,,,,,,,,,,,,,,,,,,,,,,,,
2015/2/1,MJ1323YNG1PU0C,Hitachi HDS5C3030ALA630,3.00E+12,0,100,0,100,0,124,562,100,19,100,0,100,0,100,0,96,29735,100,0,,,100,19,,,,,,,,,,,,,,,,,,,,,100,1088,100,1088,250,24,,,100,0,100,0,100,0,200,0,,,,,,,,,,,,,,,,,,,,,,,,,,,,,,,,
2015/2/1,MJ1323YNG1HAJC,Hitachi HDS5C3030ALA630,3.00E+12,0,100,0,100,0,125,557,100,24,100,0,100,0,100,0,96,29770,100,0,,,100,24,,,,,,,,,,,,,,,,,,,,,100,1102,100,1102,222,27,,,100,0,100,0,100,0,200,0,,,,,,,,,,,,,,,,,,,,,,,,,,,,,,,,
2015/2/1,PL1311LAG3DT5H,Hitachi HDS5C4040ALE630,4.00E+12,0,100,0,134,102,125,557,100,15,100,0,100,0,111,43,98,15130,100,0,,,100,15,,,,,,,,,,,,,,,,,,,,,100,19,100,19,222,27,,,100,0,100,0,100,0,200,0,,,,,,,,,,,,,,,,,,,,,,,,,,,,,,,,
2015/2/1,W300T22A,ST4000DM000,4.00E+12,0,114,66851392,,,99,0,100,1,100,0,87,546957006,,,93,6662,100,0,,,100,1,,,,,,,99,1,100,0,100,0,100,0,96,4,75,25,100,0,100,1,100,803,25,25,,,,,100,0,100,0,200,0,,,,,,,,,,,,,,,,,100,1.43E+14,100,13389584266,100,35032301864,,,,,,,,,,
2015/2/1,MJ1311YNG7827A,Hitachi HDS5C3030ALA630,3.00E+12,0,100,0,136,104,100,450,100,8,100,0,100,0,132,32,97,24607,100,0,,,100,8,,,,,,,,,,,,,,,,,,,,,100,9,100,9,253,23,,,100,0,100,0,100,0,200,0,,,,,,,,,,,,,,,,,,,,,,,,,,,,,,,,
2015/2/1,JK11A8B9GP4VSF,Hitachi HDS722020ALA330,2.00E+12,0,100,1,100,0,114,633,100,21,100,0,100,0,100,0,95,36475,100,0,,,100,20,,,,,,,,,,,,,,,,,,,,,100,1037,100,1037,230,26,,,100,0,100,0,100,0,200,1,,,,,,,,,,,,,,,,,,,,,,,,,,,,,,,,
2015/2/1,Z300DPXN,ST4000DM000,4.00E+12,0,118,169192432,,,92,0,100,12,100,0,88,738107203,,,90,9064,100,0,,,100,12,,,,,,,100,0,100,0,100,0,100,0,95,5,77,23,100,0,100,8,98,4133,23,23,,,,,100,0,100,0,200,0,,,,,,,,,,,,,,,,,100,2.70E+14,100,16668422352,100,1.50E+11,,,,,,,,,,
2015/2/1,Z3029F42,ST4000DM000,4.00E+12,0,117,152616208,,,97,0,100,3,100,0,66,4024700,,,100,177,100,0,,,100,3,,,,,,,100,0,100,0,100,0,100,0,100,0,81,19,100,0,100,0,100,194,19,19,,,,,100,0,100,0,200,0,,,,,,,,,,,,,,,,,100,164,100,366149799,100,8016382893,,,,,,,,,,
2015/2/1,MK0331YHGS0X1A,Hitachi HDS723030ALA640,3.00E+12,0,100,0,135,86,124,623,100,26,100,0,100,0,135,26,97,27036,100,0,,,100,26,,,,,,,,,,,,,,,,,,,,,100,29,100,29,253,22,,,100,0,100,0,100,0,200,152,,,,,,,,,,,,,,,,,,,,,,,,,,,,,,,,
2015/2/1,PL1331LAGT9J6H,HGST HMS5C4040ALE640,4.00E+12,0,100,0,134,101,100,0,100,3,100,0,100,0,113,42,100,3943,100,0,,,100,3,,,,,,,,,,,,,,,,,,,,,100,82,100,82,214,28,,,100,0,100,0,100,0,200,0,,,,,,,,,,,,,,,,,,,,,,,,,,,,,,,,
2015/2/1,MJ0351YNGAA1MA,Hitachi HDS5C3030ALA630,3.00E+12,0,100,0,136,104,137,564,100,12,100,0,100,0,122,37,98,18220,100,0,,,100,12,,,,,,,,,,,,,,,,,,,,,100,219,100,219,206,29,,,100,0,100,0,100,0,200,0,,,,,,,,,,,,,,,,,,,,,,,,,,,,,,,,
2015/2/1,MJ1311YNG4GJTA,Hitachi HDS5C3030ALA630,3.00E+12,0,100,0,100,0,125,552,100,17,100,0,100,0,100,0,96,30738,100,0,,,100,17,,,,,,,,,,,,,,,,,,,,,100,1145,100,1145,240,25,,,100,0,100,0,100,0,200,0,,,,,,,,,,,,,,,,,,,,,,,,,,,,,,,,
2015/2/1,Z3015KL6,ST4000DM000,4.00E+12,0,116,110169872,,,93,0,100,7,100,0,87,636563787,,,92,7094,100,0,,,100,7,,,,,,,100,0,100,0,100,0,100,0,100,0,74,26,100,0,100,0,100,421,26,26,,,,,100,0,100,0,200,0,,,,,,,,,,,,,,,,,100,8.63E+13,100,18032282142,100,79960563430,,,,,,,,,,
2015/2/1,MJ1323YNG1SEWC,Hitachi HDS5C3030ALA630,3.00E+12,0,100,1,100,0,124,563,100,25,100,0,100,0,100,0,96,29769,100,0,,,100,23,,,,,,,,,,,,,,,,,,,,,100,1094,100,1094,214,28,,,100,0,100,0,100,0,200,0,,,,,,,,,,,,,,,,,,,,,,,,,,,,,,,,
2015/2/1,MJ0351YNGA8YHA,Hitachi HDS5C3030ALA630,3.00E+12,0,100,0,135,106,125,559,100,25,100,0,100,0,124,36,98,18510,100,0,,,100,25,,,,,,,,,,,,,,,,,,,,,100,349,100,349,193,31,,,100,0,100,0,100,0,200,0,,,,,,,,,,,,,,,,,,,,,,,,,,,,,,,,
2015/2/1,Z1Z04CJ9,ST4000DX000,4.00E+12,0,114,77483953,,,90,0,100,12,100,0,92,1816518401,,,83,15085,100,0,,,100,12,,,,,,,100,0,100,0,100,0,100,0,99,1,69,31,100,0,100,6,100,12,31,31,57,77483953,,,100,0,100,0,200,0,,,,,,,,,,,,,,,,,100,8.60E+13,100,24849020066,100,1.13E+11,,,,,,,,,,
2015/2/1,Z300PABB,ST4000DM000,4.00E+12,0,103,5252024,,,91,0,100,11,100,0,89,927373645,,,87,11457,100,0,,,100,11,,,,,,,100,0,100,0,100,0,100,0,100,0,74,26,100,0,100,8,99,3557,26,26,,,,,100,0,100,0,200,0,,,,,,,,,,,,,,,,,100,1.21E+14,100,18744561794,100,1.93E+11,,,,,,,,,,
2015/2/1,JK1101B9KM49BF,Hitachi HDS722020ALA330,2.00E+12,0,100,0,132,103,131,626,100,14,100,0,100,0,119,36,96,33104,100,0,,,100,13,,,,,,,,,,,,,,,,,,,,,100,664,100,664,206,29,,,100,0,100,0,100,0,200,0,,,,,,,,,,,,,,,,,,,,,,,,,,,,,,,,
2015/2/1,PL1331LAGS494H,HGST HMS5C4040ALE640,4.00E+12,0,100,0,133,104,100,0,100,3,100,0,100,0,113,42,100,4906,100,0,,,100,3,,,,,,,,,,,,,,,,,,,,,100,53,100,53,230,26,,,100,0,100,0,100,0,200,0,,,,,,,,,,,,,,,,,,,,,,,,,,,,,,,,
2015/2/1,PL2331LAGPRW3J,HGST HMS5C4040ALE640,4.00E+12,0,100,0,135,99,100,453,100,9,100,0,100,0,113,42,100,5646,100,0,,,100,9,,,,,,,,,,,,,,,,,,,,,100,9,100,9,206,29,,,100,0,100,0,100,0,200,0,,,,,,,,,,,,,,,,,,,,,,,,,,,,,,,,
2015/2/1,Z300KFP1,ST4000DM000,4.00E+12,0,99,2534088,,,93,0,100,7,100,0,89,917750168,,,87,11450,100,0,,,100,7,,,,,,,100,0,100,0,100,0,100,0,100,0,77,23,100,0,100,2,97,7285,23,23,,,,,100,0,100,0,200,0,,,,,,,,,,,,,,,,,100,2.65E+14,100,19764892480,100,1.96E+11,,,,,,,,,,
2015/2/1,Z300X9EE,ST4000DM000,4.00E+12,0,118,183712328,,,91,0,100,27,100,0,88,748289304,,,90,9316,100,0,,,100,27,,,,,,,100,0,100,0,100,0,100,3,81,19,76,24,100,0,100,8,100,1130,24,24,,,,,100,0,100,0,200,0,,,,,,,,,,,,,,,,,100,1.15E+14,100,16246071754,100,1.58E+11,,,,,,,,,,
2015/2/1,PL1331LAGRVEVH,HGST HMS5C4040ALE640,4.00E+12,0,100,0,134,101,100,457,100,7,100,0,100,0,113,42,100,5649,100,0,,,100,7,,,,,,,,,,,,,,,,,,,,,100,152,100,152,200,30,,,100,0,100,0,100,0,200,0,,,,,,,,,,,,,,,,,,,,,,,,,,,,,,,,
2015/2/1,Z30147XZ,ST4000DM000,4.00E+12,0,107,13975952,,,91,0,100,10,100,0,88,700973114,,,90,8809,100,0,,,100,10,,,,,,,100,0,100,0,100,0,100,1,99,1,77,23,100,0,100,2,93,14352,23,23,,,,,100,0,100,0,200,0,,,,,,,,,,,,,,,,,100,9.37E+13,100,15771751404,100,1.48E+11,,,,,,,,,,
2015/2/1,WD-WXL1H644SYHA,WDC WD60EFRX,6.00E+12,0,200,0,,,100,0,100,5,200,0,100,0,,,99,1372,100,0,100,0,100,5,,,,,,,,,,,,,,,,,,,,,200,0,200,162,121,31,,,200,0,200,0,100,0,200,0,100,0,,,,,,,,,,,,,,,,,,,,,,,,,,,,,,
2015/2/1,PL1331LAGSJ2RH,HGST HMS5C4040ALE640,4.00E+12,0,100,0,134,100,100,0,100,3,100,0,100,0,113,42,100,3967,100,0,,,100,3,,,,,,,,,,,,,,,,,,,,,100,50,100,50,253,22,,,100,0,100,0,100,0,200,0,,,,,,,,,,,,,,,,,,,,,,,,,,,,,,,,
2015/2/1,PL1311LAG3DPVH,Hitachi HDS5C4040ALE630,4.00E+12,0,100,0,134,100,125,560,100,15,100,0,100,0,111,43,98,15130,100,0,,,100,15,,,,,,,,,,,,,,,,,,,,,100,18,100,18,230,26,,,100,0,100,0,100,0,200,0,,,,,,,,,,,,,,,,,,,,,,,,,,,,,,,,
2015/2/1,PL1331LAGRGEVH,HGST HMS5C4040ALE640,4.00E+12,0,100,0,135,99,142,547,100,11,100,0,100,0,113,42,100,5456,100,0,,,100,11,,,,,,,,,,,,,,,,,,,,,100,148,100,148,200,30,,,100,0,100,0,100,0,200,0,,,,,,,,,,,,,,,,,,,,,,,,,,,,,,,,
2015/2/1,PL2331LAGN1BNJ,HGST HMS5C4040BLE640,4.00E+12,0,100,0,133,104,100,449,100,8,100,0,100,0,113,42,100,6586,100,0,,,100,8,,,,,,,,,,,,,,,,,,,,,100,72,100,72,214,28,,,100,0,100,0,100,0,200,0,,,,,,,,,,,,,,,,,,,,,,,,,,,,,,,,
2015/2/1,Z300GPYA,ST4000DM000,4.00E+12,0,114,62068688,,,93,0,100,7,100,0,76,48612165,,,85,13589,100,0,,,100,7,,,,,,,100,0,100,0,100,0,100,0,98,2,82,18,100,0,100,2,95,10911,18,18,,,,,100,0,100,0,200,0,,,,,,,,,,,,,,,,,100,1.05E+13,100,23353447754,100,2.22E+11,,,,,,,,,,
2015/2/1,Z3014NB2,ST4000DM000,4.00E+12,0,119,203374784,,,98,0,100,2,100,0,88,724740786,,,91,7954,100,0,,,100,2,,,,,,,100,0,100,0,100,0,100,0,88,12,75,25,100,0,100,1,100,182,25,25,,,,,100,0,100,0,200,0,,,,,,,,,,,,,,,,,100,2.41E+14,100,17385524056,100,82546646426,,,,,,,,,,
2015/2/1,WD-WXG1EC3SFRL1,WDC WD5000LPVX,5.00E+11,0,200,0,,,100,0,100,3,200,0,200,0,,,93,5451,100,0,100,0,100,3,,,,,,,,,,,,,,,,,,,,,200,2,200,6,118,25,,,200,0,200,0,100,0,200,0,100,0,,,,,,,,,,,,,,,,,,,,,,,,,,,,,,
2015/2/1,PL1311LAG3DDBH,Hitachi HDS5C4040ALE630,4.00E+12,0,100,0,135,97,124,566,100,19,100,0,100,0,113,42,98,16646,100,0,,,100,18,,,,,,,,,,,,,,,,,,,,,100,23,100,23,222,27,,,100,0,100,0,100,0,200,0,,,,,,,,,,,,,,,,,,,,,,,,,,,,,,,,
2015/2/1,Z3025L3F,ST4000DM000,4.00E+12,0,118,192016368,,,98,0,100,2,100,0,83,233016474,,,97,2817,100,0,,,100,2,,,,,,,100,0,100,0,100,0,100,0,96,4,70,30,100,0,100,0,100,518,30,30,,,,,100,0,100,0,200,0,,,,,,,,,,,,,,,,,100,2765,100,11510194993,100,85483997227,,,,,,,,,,
2015/2/1,6XW0XLC4,ST31500541AS,1.50E+12,0,109,22034209,,,100,0,100,38,100,0,91,1449735675,,,58,37540,100,0,,,100,38,,,,,,,100,0,100,0,100,0,100,1,100,0,76,24,,,,,,,24,24,49,22034209,,,100,0,100,0,200,0,,,,,,,,,,,,,,,,,100,1.69E+14,100,3149701105,100,1286607816,,,,,,,,,,
2015/2/1,MJ0351YNG9UPVA,Hitachi HDS5C3030ALA630,3.00E+12,0,100,0,135,106,132,555,100,15,100,0,100,0,122,37,98,19557,100,0,,,100,15,,,,,,,,,,,,,,,,,,,,,100,152,100,152,206,29,,,100,0,100,0,100,0,200,0,,,,,,,,,,,,,,,,,,,,,,,,,,,,,,,,
2015/2/1,WD-WCC4N0337188,WDC WD30EFRX,3.00E+12,0,200,0,,,170,6500,100,35,200,0,100,0,,,87,9977,100,0,100,0,100,33,,,,,,,,,,,,,,,,,,,,,200,3,92,326954,130,20,,,200,0,200,0,100,0,200,0,100,0,,,,,,,,,,,,,,,,,,,,,,,,,,,,,,
2015/2/1,9XW01Z74,ST31500541AS,1.50E+12,0,118,173127655,,,100,0,100,67,100,0,92,1675132955,,,50,44175,100,0,,,100,67,,,,,,,100,0,100,0,100,0,100,0,95,5,71,29,,,,,,,29,29,53,173127655,,,100,0,100,0,200,0,,,,,,,,,,,,,,,,,100,2.73E+14,100,806054820,100,2604092128,,,,,,,,,,
2015/2/1,MJ1311YNG335HA,Hitachi HDS5C3030ALA630,3.00E+12,0,100,0,135,108,124,561,100,33,100,0,100,0,132,32,96,28051,100,0,,,100,32,,,,,,,,,,,,,,,,,,,,,100,34,100,34,240,25,,,100,0,100,0,100,0,200,0,,,,,,,,,,,,,,,,,,,,,,,,,,,,,,,,
2015/2/1,WD-WMC4N1066434,WDC WD30EFRX,3.00E+12,0,200,0,,,179,6033,100,11,200,0,100,0,,,87,10173,100,0,100,0,100,11,,,,,,,,,,,,,,,,,,,,,200,1,83,351977,119,31,,,200,0,200,0,100,0,200,0,100,0,,,,,,,,,,,,,,,,,,,,,,,,,,,,,,
2015/2/1,PL2331LAGUMG5J,HGST HMS5C4040ALE640,4.00E+12,0,100,0,134,101,100,458,100,6,100,0,100,0,113,42,100,2933,100,0,,,100,6,,,,,,,,,,,,,,,,,,,,,100,75,100,75,176,34,,,100,0,100,0,100,0,200,447,,,,,,,,,,,,,,,,,,,,,,,,,,,,,,,,
2015/2/1,5XW0DNTS,ST31500541AS,1.50E+12,0,120,240594062,,,100,0,100,26,100,0,61,3.81E+12,,,74,22921,100,0,,,100,26,,,,,,,100,0,100,0,100,0,100,0,100,0,73,27,,,,,,,27,27,54,240594062,,,100,0,100,0,200,0,,,,,,,,,,,,,,,,,100,1.63E+14,100,4250700481,100,941316274,,,,,,,,,,
2015/2/1,Z3015JRG,ST4000DM000,4.00E+12,0,117,158015712,,,92,0,100,14,100,0,80,109394883,,,94,5896,100,0,,,100,12,,,,,,,100,0,100,0,100,0,100,0,100,0,69,31,100,0,100,0,50,100539,31,31,,,,,100,0,100,0,200,0,,,,,,,,,,,,,,,,,100,5421,100,9913355484,100,1.38E+11,,,,,,,,,,
2015/2/1,JK11A8B9J3AU4F,Hitachi HDS722020ALA330,2.00E+12,0,100,0,100,0,141,571,100,14,100,0,100,0,100,0,96,33825,100,0,,,100,14,,,,,,,,,,,,,,,,,,,,,100,810,100,810,222,27,,,100,0,100,0,100,0,200,0,,,,,,,,,,,,,,,,,,,,,,,,,,,,,,,,
2015/2/1,MJ1311YNG2HLEA,Hitachi HDS5C3030ALA630,3.00E+12,0,100,0,136,104,123,566,100,15,100,0,100,0,135,31,97,24606,100,0,,,100,15,,,,,,,,,,,,,,,,,,,,,100,15,100,15,240,25,,,100,0,100,0,100,0,200,0,,,,,,,,,,,,,,,,,,,,,,,,,,,,,,,,
2015/2/1,9XK04Z9L,ST33000651AS,3.00E+12,0,113,50891916,,,88,0,100,50,100,0,69,10052323,,,70,26756,100,0,,,100,41,,,,,,,100,0,100,0,85,15,100,38655295497,92,8,63,37,100,0,100,15,100,58,37,37,34,2.73E+14,,,100,0,100,0,200,0,,,,,,,,,,,,,,,,,100,1.39E+14,100,4068087786,100,1241368024,,,,,,,,,,
2015/2/1,S1F0SAB1,ST3000DM001,3.00E+12,0,111,30524624,,,93,0,100,31,100,0,79,88343685,,,76,21657,100,0,,,100,31,,,,,,,100,0,100,0,100,0,100,38655295497,100,0,73,27,100,0,100,13,1,244517,27,27,,,,,100,0,100,0,200,0,,,,,,,,,,,,,,,,,100,1.28E+14,100,4.49E+11,100,1.44E+14,,,,,,,,,,
2015/2/1,Z302BS8M,ST4000DM000,4.00E+12,0,115,99435880,,,95,0,100,5,100,0,68,7244289,,,100,202,100,0,,,100,5,,,,,,,100,0,100,0,100,0,100,0,100,0,76,24,100,0,100,0,100,24,24,24,,,,,100,0,100,0,200,0,,,,,,,,,,,,,,,,,100,201,100,687087822,100,8119788381,,,,,,,,,,
2015/2/1,Z3029ZY0,ST4000DM000,4.00E+12,0,117,165863944,,,97,0,100,3,100,0,66,4052669,,,100,177,100,0,,,100,3,,,,,,,100,0,100,0,100,0,100,0,100,0,78,22,100,0,100,0,100,193,22,22,,,,,100,0,100,0,200,0,,,,,,,,,,,,,,,,,100,165,100,368723935,100,8016479432,,,,,,,,,,
2015/2/1,Z3005HDX,ST4000DM000,4.00E+12,0,111,31329216,,,91,0,100,49,100,0,78,68754892,,,83,15421,100,0,,,100,49,,,,,,,81,19,100,0,100,0,100,12,96,4,76,24,100,0,100,21,13,174796,24,24,,,,,100,0,100,0,200,4,,,,,,,,,,,,,,,,,100,2.34E+14,100,21485173286,100,1.48E+11,,,,,,,,,,
2015/2/1,MJ0351YNG9WKPA,Hitachi HDS5C3030ALA630,3.00E+12,0,100,0,136,104,129,560,100,22,100,0,100,0,122,37,98,19725,100,0,,,100,22,,,,,,,,,,,,,,,,,,,,,100,130,100,130,193,31,,,100,0,100,0,100,0,200,0,,,,,,,,,,,,,,,,,,,,,,,,,,,,,,,,
2015/2/1,PL1331LAGSP19H,HGST HMS5C4040ALE640,4.00E+12,0,100,0,135,98,100,0,100,3,100,0,100,0,113,42,100,3799,100,0,,,100,3,,,,,,,,,,,,,,,,,,,,,100,47,100,47,250,24,,,100,0,100,0,100,0,200,0,,,,,,,,,,,,,,,,,,,,,,,,,,,,,,,,
2015/2/1,JK1171YBK1U2NF,Hitachi HDS722020ALA330,2.00E+12,0,100,0,100,0,116,622,100,32,100,0,100,0,100,0,95,39672,100,0,,,100,31,,,,,,,,,,,,,,,,,,,,,99,1204,99,1204,171,35,,,100,0,100,0,100,0,200,0,,,,,,,,,,,,,,,,,,,,,,,,,,,,,,,,
2015/2/1,JK11A4B8HTPJMW,Hitachi HDS722020ALA330,2.00E+12,0,100,0,100,0,119,581,100,27,100,0,100,0,100,0,96,33326,100,0,,,100,27,,,,,,,,,,,,,,,,,,,,,100,835,100,835,222,27,,,100,0,100,0,100,0,200,0,,,,,,,,,,,,,,,,,,,,,,,,,,,,,,,,
2015/2/1,PL1331LAGS18WH,HGST HMS5C4040ALE640,4.00E+12,0,100,0,134,100,100,0,100,1,100,0,100,0,111,43,100,5482,100,0,,,100,1,,,,,,,,,,,,,,,,,,,,,100,46,100,46,250,24,,,100,0,100,0,100,0,200,0,,,,,,,,,,,,,,,,,,,,,,,,,,,,,,,,
2015/2/1,PL1331LAGSRSSH,HGST HMS5C4040ALE640,4.00E+12,0,100,0,134,103,100,0,100,3,100,0,100,0,113,42,100,3775,100,0,,,100,3,,,,,,,,,,,,,,,,,,,,,100,13,100,13,222,27,,,100,0,100,0,100,0,200,0,,,,,,,,,,,,,,,,,,,,,,,,,,,,,,,,
2015/2/1,MK0311YHG54HVA,Hitachi HDS723030ALA640,3.00E+12,0,100,0,100,0,125,620,100,26,100,0,100,0,100,0,96,31801,100,0,,,100,25,,,,,,,,,,,,,,,,,,,,,99,1312,99,1312,222,27,,,100,0,100,0,100,0,200,0,,,,,,,,,,,,,,,,,,,,,,,,,,,,,,,,
2015/2/1,JK11A8B9J3611F,Hitachi HDS722020ALA330,2.00E+12,0,100,0,100,0,133,613,100,12,100,0,100,0,100,0,96,33131,100,0,,,100,12,,,,,,,,,,,,,,,,,,,,,100,709,100,709,157,38,,,100,0,100,0,100,0,200,0,,,,,,,,,,,,,,,,,,,,,,,,,,,,,,,,
2015/2/1,MK0331YHGK9WBA,Hitachi HDS723030ALA640,3.00E+12,0,100,0,136,83,123,628,100,16,100,0,100,0,135,26,97,27359,100,0,,,100,16,,,,,,,,,,,,,,,,,,,,,100,19,100,19,240,25,,,100,0,100,0,100,0,200,0,,,,,,,,,,,,,,,,,,,,,,,,,,,,,,,,
2015/2/1,Z300PKXJ,ST4000DM000,4.00E+12,0,108,19090928,,,91,0,100,13,100,0,89,867554604,,,88,11147,100,0,,,100,13,,,,,,,100,0,100,0,100,0,100,0,99,1,74,26,100,0,100,5,94,13949,26,26,,,,,100,0,100,0,200,0,,,,,,,,,,,,,,,,,100,1.96E+13,100,18539670140,100,1.81E+11,,,,,,,,,,
2015/2/1,PL1331LAGLZRMH,HGST HMS5C4040BLE640,4.00E+12,0,100,0,134,100,100,0,100,4,100,0,100,0,113,42,99,7451,100,0,,,100,4,,,,,,,,,,,,,,,,,,,,,100,59,100,59,200,30,,,100,0,100,0,100,0,200,0,,,,,,,,,,,,,,,,,,,,,,,,,,,,,,,,
2015/2/1,Z300X8BY,ST4000DM000,4.00E+12,0,117,127310688,,,96,0,100,4,100,0,89,839305386,,,89,9891,100,0,,,100,4,,,,,,,100,0,100,0,100,0,100,0,97,3,76,24,100,0,100,2,100,688,24,24,,,,,100,0,100,0,200,0,,,,,,,,,,,,,,,,,100,1.80E+14,100,17616107734,100,1.61E+11,,,,,,,,,,
2015/2/1,PL1311LAG3ANBH,Hitachi HDS5C4040ALE630,4.00E+12,0,100,0,134,102,125,573,100,32,100,0,100,0,113,42,99,10493,100,0,,,100,32,,,,,,,,,,,,,,,,,,,,,100,201,100,201,230,26,,,100,0,100,0,100,0,200,0,,,,,,,,,,,,,,,,,,,,,,,,,,,,,,,,
2015/2/1,Z300X8BC,ST4000DM000,4.00E+12,0,117,142321552,,,91,0,100,24,100,0,88,696562568,,,90,9607,100,0,,,100,24,,,,,,,99,1,100,0,100,0,100,0,94,6,73,27,100,0,100,13,83,35957,27,27,,,,,100,0,100,0,200,0,,,,,,,,,,,,,,,,,100,9382,100,19867423051,100,95798945181,,,,,,,,,,
2015/2/1,WD-WMC1T1555206,WDC WD30EFRX,3.00E+12,0,200,0,,,178,6100,100,17,200,0,200,0,,,94,4493,100,0,100,0,100,17,,,,,,,,,,,,,,,,,,,,,200,6,200,10,124,26,,,200,0,200,0,100,0,200,0,100,0,,,,,,,,,,,,,,,,,,,,,,,,,,,,,,
2015/2/1,Z300GQ1M,ST4000DM000,4.00E+12,0,119,233028480,,,92,0,100,8,100,0,78,59781887,,,85,13589,100,0,,,100,8,,,,,,,100,0,100,0,100,0,100,0,99,1,73,27,100,0,100,6,97,6579,27,27,,,,,100,0,100,0,200,0,,,,,,,,,,,,,,,,,100,1.06E+14,100,23409398688,100,2.32E+11,,,,,,,,,,
2015/2/1,PL2331LAGMEVNJ,HGST HMS5C4040BLE640,4.00E+12,0,100,0,134,100,100,0,100,3,100,0,100,0,113,42,100,6922,100,0,,,100,3,,,,,,,,,,,,,,,,,,,,,100,20,100,20,214,28,,,100,0,100,0,100,0,200,0,,,,,,,,,,,,,,,,,,,,,,,,,,,,,,,,
2015/2/1,PL1331LAGSHWYH,HGST HMS5C4040ALE640,4.00E+12,0,100,0,133,104,100,0,100,3,100,0,100,0,113,42,100,5456,100,0,,,100,3,,,,,,,,,,,,,,,,,,,,,100,45,100,45,240,25,,,100,0,100,0,100,0,200,0,,,,,,,,,,,,,,,,,,,,,,,,,,,,,,,,
2015/2/1,MK0333YHGPG1KC,Hitachi HDS723030ALA640,3.00E+12,0,100,65536,134,88,121,637,100,19,100,0,100,0,135,26,97,27363,100,0,,,100,19,,,,,,,,,,,,,,,,,,,,,100,20,100,20,240,25,,,100,0,100,0,100,0,200,0,,,,,,,,,,,,,,,,,,,,,,,,,,,,,,,,
2015/2/1,W300MA9F,ST4000DM000,4.00E+12,0,117,140932736,,,94,0,100,6,100,0,77,55619839,,,99,1278,100,0,,,100,6,,,,,,,100,0,100,0,100,0,100,0,100,0,74,26,100,0,100,0,96,8598,26,26,,,,,100,0,100,0,200,0,,,,,,,,,,,,,,,,,100,1243,100,4954241696,100,349639060,,,,,,,,,,
2015/2/1,PL1331LAGRT97H,HGST HMS5C4040ALE640,4.00E+12,0,100,0,135,99,100,0,100,3,100,0,100,0,111,43,100,5746,100,0,,,100,3,,,,,,,,,,,,,,,,,,,,,100,31,100,31,253,22,,,100,0,100,0,100,0,200,0,,,,,,,,,,,,,,,,,,,,,,,,,,,,,,,,
2015/2/1,Z300VK6X,ST4000DM000,4.00E+12,0,117,119746032,,,93,0,100,7,100,0,85,390721277,,,93,6562,100,0,,,100,7,,,,,,,99,1,100,0,100,0,100,0,96,4,69,31,100,0,100,1,93,14075,31,31,,,,,100,0,100,0,200,0,,,,,,,,,,,,,,,,,100,6332,100,13647374017,100,36498772396,,,,,,,,,,
2015/2/1,JK11E1B9KGKRTT,Hitachi HDS722020ALA330,2.00E+12,0,100,0,133,101,100,482,100,5,100,0,100,0,119,36,99,8505,100,0,,,100,5,,,,,,,,,,,,,,,,,,,,,100,5,100,5,153,39,,,100,0,100,0,100,0,200,0,,,,,,,,,,,,,,,,,,,,,,,,,,,,,,,,
2015/2/1,Z300E2F8,ST4000DM000,4.00E+12,0,117,155879760,,,93,0,100,7,100,0,78,77355454,,,87,12222,100,0,,,100,7,,,,,,,100,0,100,0,100,0,100,0,91,9,82,18,100,0,100,3,96,8621,18,18,,,,,100,0,100,0,200,0,,,,,,,,,,,,,,,,,100,2.53E+14,100,21203997926,100,1.21E+11,,,,,,,,,,
2015/2/1,W300K24Q,ST4000DM000,4.00E+12,0,116,114386616,,,94,0,100,6,100,0,89,887332690,,,88,10926,100,0,,,100,6,,,,,,,99,1,100,0,100,0,100,0,98,2,77,23,100,0,100,2,99,3359,23,23,,,,,100,0,100,0,200,0,,,,,,,,,,,,,,,,,100,2.52E+14,100,19094156092,100,1.78E+11,,,,,,,,,,
2015/2/1,Z30240QK,ST4000DM000,4.00E+12,0,112,49947504,,,96,0,100,4,100,0,82,178816651,,,98,2599,100,0,,,100,4,,,,,,,100,0,100,0,100,0,100,0,99,1,85,15,100,0,100,4,100,166,15,15,,,,,100,0,100,0,200,0,,,,,,,,,,,,,,,,,100,2595,100,10537168952,100,58889148478,,,,,,,,,,
2015/2/1,W300CXPK,ST4000DM000,4.00E+12,0,120,235751320,,,91,0,100,8,100,0,89,908079643,,,88,10916,100,0,,,100,8,,,,,,,100,0,100,0,100,0,100,0,89,11,77,23,100,0,100,1,90,21109,23,23,,,,,100,0,100,0,200,0,,,,,,,,,,,,,,,,,100,2.10E+14,100,22148592964,100,1.01E+11,,,,,,,,,,
2015/2/1,9VS3JB75,ST31500341AS,1.50E+12,0,118,201186938,,,100,0,100,65,100,37,90,1120737048,,,52,42895,100,0,,,100,65,,,,,,,,,100,0,100,0,100,25770196998,1,132,67,33,,,,,,,33,33,46,201186938,,,100,0,100,0,200,0,,,,,,,,,,,,,,,,,100,7.41E+13,100,703871559,100,2866305982,,,,,,,,,,
2015/2/1,PL2321LAGARUXJ,Hitachi HDS5C4040ALE630,4.00E+12,0,100,0,134,101,124,565,100,29,100,0,100,0,113,42,98,15432,100,0,,,100,29,,,,,,,,,,,,,,,,,,,,,100,38,100,38,187,32,,,100,0,100,0,100,0,200,0,,,,,,,,,,,,,,,,,,,,,,,,,,,,,,,,
2015/2/1,Z300YN68,ST4000DM000,4.00E+12,0,118,201146184,,,97,0,100,3,100,0,77,52530739,,,98,2409,100,0,,,100,3,,,,,,,99,1,100,0,100,0,100,0,97,3,79,21,100,0,100,2,95,10863,21,21,,,,,100,0,100,0,200,0,,,,,,,,,,,,,,,,,100,2175,100,4924488663,100,35607812200,,,,,,,,,,
2015/2/1,S300K7DE,ST4000DM000,4.00E+12,0,117,164517672,,,94,0,100,6,100,0,81,120302332,,,99,1620,100,0,,,100,6,,,,,,,100,0,100,0,100,0,100,0,100,0,84,16,100,0,100,0,96,8026,16,16,,,,,100,0,100,0,200,0,,,,,,,,,,,,,,,,,100,2.76E+14,100,9270999486,100,6163892242,,,,,,,,,,
2015/2/1,PL1331LAGSMJAH,HGST HMS5C4040ALE640,4.00E+12,0,100,0,133,104,100,0,100,3,100,0,100,0,111,43,100,5313,100,0,,,100,3,,,,,,,,,,,,,,,,,,,,,100,56,100,56,222,27,,,100,0,100,0,100,0,200,0,,,,,,,,,,,,,,,,,,,,,,,,,,,,,,,,
2015/2/1,WD-WXK1H644HE27,WDC WD60EFRX,6.00E+12,0,200,0,,,100,0,100,4,200,0,100,0,,,99,1374,100,0,100,0,100,4,,,,,,,,,,,,,,,,,,,,,200,0,200,115,122,30,,,200,0,200,0,100,0,200,0,100,0,,,,,,,,,,,,,,,,,,,,,,,,,,,,,,
2015/2/1,Z290WJCB,ST33000651AS,3.00E+12,0,115,87739283,,,89,0,100,46,100,0,84,256099608,,,71,25606,100,0,,,100,46,,,,,,,1,1112,100,0,94,6,100,4295032988,100,0,74,26,100,0,100,20,100,46,26,26,31,87739283,,,100,0,100,0,200,1240,,,,,,,,,,,,,,,,,100,2.78E+14,100,948557109,100,685780122,,,,,,,,,,
2015/2/1,WD-WX81A74A5KCF,WDC WD5000LPVX,5.00E+11,0,200,0,,,100,0,100,6,200,0,200,0,,,98,1924,100,0,100,0,100,6,,,,,,,,,,,,,,,,,,,,,200,0,200,36,115,28,,,200,0,200,0,100,0,200,0,100,0,,,,,,,,,,,,,,,,,,,,,,,,,,,,,,
2015/2/1,PL2331LAGN487J,HGST HMS5C4040BLE640,4.00E+12,0,100,0,133,104,142,524,100,11,100,0,100,0,113,42,100,5814,100,0,,,100,11,,,,,,,,,,,,,,,,,,,,,100,64,100,64,181,33,,,100,0,100,0,100,0,200,0,,,,,,,,,,,,,,,,,,,,,,,,,,,,,,,,
2015/2/1,PL1331LAGSM5TH,HGST HMS5C4040ALE640,4.00E+12,0,100,0,133,104,100,0,100,3,100,0,100,0,113,42,100,3775,100,0,,,100,3,,,,,,,,,,,,,,,,,,,,,100,70,100,70,200,30,,,100,0,100,0,100,0,200,0,,,,,,,,,,,,,,,,,,,,,,,,,,,,,,,,
2015/2/1,W0Q6JFQ8,ST320LT007,3.20E+11,0,117,149153976,,,98,0,100,25,100,0,85,366495626,,,78,19431,100,0,,,100,25,,,,,,,,,100,0,100,0,100,26,100,0,71,29,100,0,100,0,18,164491,29,29,53,149153976,,,100,0,100,0,200,0,,,,,,,,,,,,,,,,,100,2.51E+14,100,1013236367,100,1079481071,1,56942866,1,118177567,1,52772279,100,0,,
2015/2/1,PL1331LAGRN1UH,HGST HMS5C4040ALE640,4.00E+12,0,100,0,134,102,100,430,100,5,100,0,100,0,115,41,100,4950,100,0,,,100,5,,,,,,,,,,,,,,,,,,,,,100,32,100,32,176,34,,,100,0,100,0,100,0,200,0,,,,,,,,,,,,,,,,,,,,,,,,,,,,,,,,
2015/2/1,PL2331LAGMSHTJ,HGST HMS5C4040BLE640,4.00E+12,0,100,0,134,100,100,0,100,4,100,0,100,0,113,42,100,6919,100,0,,,100,4,,,,,,,,,,,,,,,,,,,,,100,51,100,51,240,25,,,100,0,100,0,100,0,200,0,,,,,,,,,,,,,,,,,,,,,,,,,,,,,,,,
2015/2/1,MJ0351YNGA6MBA,Hitachi HDS5C3030ALA630,3.00E+12,0,100,0,135,108,143,505,100,15,100,0,100,0,122,37,98,19148,100,0,,,100,15,,,,,,,,,,,,,,,,,,,,,100,119,100,119,200,30,,,100,0,100,0,100,0,200,0,,,,,,,,,,,,,,,,,,,,,,,,,,,,,,,,
2015/2/1,Z3011WWA,ST4000DM000,4.00E+12,0,119,204844976,,,97,0,100,3,100,0,88,730324145,,,91,8671,100,0,,,100,3,,,,,,,99,1,100,0,100,0,100,0,94,6,76,24,100,0,100,1,100,622,24,24,,,,,100,0,100,0,200,0,,,,,,,,,,,,,,,,,100,2.37E+13,100,16038672932,100,1.45E+11,,,,,,,,,,
2015/2/1,Z300YN6R,ST4000DM000,4.00E+12,0,119,225405760,,,97,0,100,3,100,0,81,118393754,,,98,2386,100,0,,,100,3,,,,,,,99,1,100,0,100,0,100,0,98,2,73,27,100,0,100,2,99,2452,27,27,,,,,100,0,100,0,200,0,,,,,,,,,,,,,,,,,100,2368,100,11107733806,100,37157905069,,,,,,,,,,
2015/2/1,S1F10VJH,ST3000DM001,3.00E+12,0,119,234202064,,,92,0,100,37,100,0,87,479338467,,,80,18228,100,0,,,100,37,,,,,,,100,0,100,0,100,0,100,4295032833,100,0,76,24,100,0,100,11,1,236292,24,24,,,,,100,0,100,0,200,0,,,,,,,,,,,,,,,,,100,1.44E+14,100,1.49E+12,100,2.50E+14,,,,,,,,,,
2015/2/1,Z290VDCE,ST33000651AS,3.00E+12,0,112,48140687,,,89,0,100,26,100,0,89,884564259,,,70,27053,100,0,,,100,26,,,,,,,100,0,100,0,100,0,100,0,95,5,66,34,100,0,100,9,100,26,34,34,33,48140687,,,100,0,100,0,200,0,,,,,,,,,,,,,,,,,100,1.86E+14,100,388991513,100,891070821,,,,,,,,,,
2015/2/1,PL1331LAGM1P5H,HGST HMS5C4040BLE640,4.00E+12,0,100,0,134,103,100,442,100,5,100,0,100,0,113,42,99,7352,100,0,,,100,5,,,,,,,,,,,,,,,,,,,,,100,33,100,33,206,29,,,100,0,100,0,100,0,200,0,,,,,,,,,,,,,,,,,,,,,,,,,,,,,,,,
2015/2/1,JK11A8B9J0ZWDF,Hitachi HDS722020ALA330,2.00E+12,0,100,0,100,0,118,616,100,25,100,0,100,0,100,0,95,36335,100,0,,,100,25,,,,,,,,,,,,,,,,,,,,,100,1002,100,1002,171,35,,,100,0,100,0,100,0,200,0,,,,,,,,,,,,,,,,,,,,,,,,,,,,,,,,
2015/2/1,Z3011WWC,ST4000DM000,4.00E+12,0,119,232597976,,,97,0,100,3,100,0,88,715878468,,,91,8671,100,0,,,100,3,,,,,,,99,1,100,0,100,0,100,0,96,4,74,26,100,0,100,1,99,2972,26,26,,,,,100,0,100,0,200,0,,,,,,,,,,,,,,,,,100,7.39E+13,100,15992570438,100,1.42E+11,,,,,,,,,,
2015/2/1,6XW0APMX,ST31500541AS,1.50E+12,0,119,217012273,,,100,0,100,71,100,0,91,1383770748,,,55,40243,100,0,,,100,71,,,,,,,100,0,100,0,100,0,100,0,86,14,71,29,,,,,,,29,29,58,217012273,,,100,0,100,0,200,0,,,,,,,,,,,,,,,,,100,1.49E+14,100,993464636,100,3300232317,,,,,,,,,,
2015/2/1,PL2331LAGMJS7J,HGST HMS5C4040BLE640,4.00E+12,0,100,0,133,106,138,489,100,124,100,0,100,0,113,42,100,4788,100,0,,,100,124,,,,,,,,,,,,,,,,,,,,,100,136,100,136,253,21,,,100,0,100,0,100,0,200,0,,,,,,,,,,,,,,,,,,,,,,,,,,,,,,,,
2015/2/1,PL1331LAGTMUXH,HGST HMS5C4040ALE640,4.00E+12,0,100,0,131,113,100,0,100,4,100,0,100,0,113,42,100,3773,100,0,,,100,4,,,,,,,,,,,,,,,,,,,,,100,91,100,91,193,31,,,100,0,100,0,100,0,200,0,,,,,,,,,,,,,,,,,,,,,,,,,,,,,,,,
2015/2/1,MJ0351YNGA6BBA,Hitachi HDS5C3030ALA630,3.00E+12,0,100,0,136,100,136,568,100,14,100,0,100,0,122,37,98,18647,100,0,,,100,14,,,,,,,,,,,,,,,,,,,,,100,119,100,119,230,26,,,100,0,100,0,100,0,200,0,,,,,,,,,,,,,,,,,,,,,,,,,,,,,,,,
2015/2/1,MJ1311YNG6XKGA,Hitachi HDS5C3030ALA630,3.00E+12,0,100,0,135,108,140,559,100,12,100,0,100,0,135,31,97,24687,100,0,,,100,12,,,,,,,,,,,,,,,,,,,,,100,15,100,15,206,29,,,100,0,100,0,100,0,200,0,,,,,,,,,,,,,,,,,,,,,,,,,,,,,,,,
2015/2/1,JK11A8B9HNVEEF,Hitachi HDS722020ALA330,2.00E+12,0,100,1,100,0,126,626,100,19,100,0,100,0,100,0,96,33551,100,0,,,100,19,,,,,,,,,,,,,,,,,,,,,100,747,100,747,176,34,,,100,0,100,0,100,0,200,0,,,,,,,,,,,,,,,,,,,,,,,,,,,,,,,,
2015/2/1,JK11A8B9GPDKRF,Hitachi HDS722020ALA330,2.00E+12,0,100,0,100,0,131,616,100,13,100,0,100,0,100,0,95,36770,100,0,,,100,13,,,,,,,,,,,,,,,,,,,,,100,967,100,967,253,23,,,100,0,100,0,100,0,200,21,,,,,,,,,,,,,,,,,,,,,,,,,,,,,,,,
2015/2/1,WD-WCC4N0933742,WDC WD30EFRX,3.00E+12,0,200,0,,,176,6200,100,36,200,0,100,0,,,92,6076,100,0,100,0,100,36,,,,,,,,,,,,,,,,,,,,,200,25,200,72,130,20,,,200,0,200,0,100,0,200,0,100,0,,,,,,,,,,,,,,,,,,,,,,,,,,,,,,
2015/2/1,Z300E2FH,ST4000DM000,4.00E+12,0,120,238599616,,,92,0,100,12,100,0,78,68989239,,,86,12279,100,0,,,100,12,,,,,,,100,0,100,0,100,0,100,0,95,5,79,21,100,0,100,6,92,17690,21,21,,,,,100,0,100,0,200,0,,,,,,,,,,,,,,,,,100,1.98E+14,100,20780909044,100,1.09E+11,,,,,,,,,,
2015/2/1,6XW03B0M,ST31500541AS,1.50E+12,0,118,193667243,,,100,0,100,47,100,0,93,2075409143,,,47,46922,100,0,,,100,47,,,,,,,100,0,100,0,100,0,100,0,100,0,71,29,,,,,,,29,29,51,193667243,,,100,0,100,0,200,0,,,,,,,,,,,,,,,,,100,1.64E+14,100,3500477523,100,2843618528,,,,,,,,,,
2015/2/1,MJ0351YNG9WUJA,Hitachi HDS5C3030ALA630,3.00E+12,0,100,0,136,104,126,552,100,20,100,0,100,0,122,37,98,19195,100,0,,,100,20,,,,,,,,,,,,,,,,,,,,,100,239,100,239,214,28,,,100,0,100,0,100,0,200,135,,,,,,,,,,,,,,,,,,,,,,,,,,,,,,,,
2015/2/1,PL1331LAGTU16H,HGST HMS5C4040ALE640,4.00E+12,0,100,0,134,100,100,420,100,6,100,0,100,0,113,42,100,2955,100,0,,,100,6,,,,,,,,,,,,,,,,,,,,,100,53,100,53,253,20,,,100,0,100,0,100,0,200,0,,,,,,,,,,,,,,,,,,,,,,,,,,,,,,,,
2015/2/1,9VS4V0MW,ST31500341AS,1.50E+12,0,117,152425501,,,100,0,100,57,100,11,89,814086650,,,68,28390,100,0,,,100,57,,,,,,,,,100,0,100,0,100,25770197002,95,5,70,30,,,,,,,30,30,45,152425501,,,100,0,100,0,200,1,,,,,,,,,,,,,,,,,100,2.32E+13,100,2298949763,100,4072307472,,,,,,,,,,
2015/2/1,PL2331LAGMX7NJ,HGST HMS5C4040BLE640,4.00E+12,0,100,0,133,104,100,0,100,3,100,0,100,0,113,42,100,5965,100,0,,,100,3,,,,,,,,,,,,,,,,,,,,,100,24,100,24,240,25,,,100,0,100,0,100,0,200,0,,,,,,,,,,,,,,,,,,,,,,,,,,,,,,,,
2015/2/1,PL1331LAGSR29H,HGST HMS5C4040ALE640,4.00E+12,0,100,0,133,107,100,0,100,3,100,0,100,0,113,42,100,4739,100,0,,,100,3,,,,,,,,,,,,,,,,,,,,,100,26,100,26,187,32,,,100,0,100,0,100,0,200,0,,,,,,,,,,,,,,,,,,,,,,,,,,,,,,,,
2015/2/1,JK11A8B9J3LNEF,Hitachi HDS722020ALA330,2.00E+12,0,86,458861,100,0,118,616,100,15,100,0,100,0,100,0,96,33828,100,0,,,100,15,,,,,,,,,,,,,,,,,,,,,100,724,100,724,253,23,,,100,0,100,0,100,0,200,0,,,,,,,,,,,,,,,,,,,,,,,,,,,,,,,,
2015/2/1,Z3026Z3Z,ST4000DM000,4.00E+12,0,117,119535768,,,98,0,100,2,100,0,69,8984085,,,100,246,100,0,,,100,2,,,,,,,100,0,100,0,100,0,100,0,100,0,76,24,100,0,100,0,100,69,24,24,,,,,100,0,100,0,200,0,,,,,,,,,,,,,,,,,100,245,100,876372305,100,8197584935,,,,,,,,,,
2015/2/1,PL2331LAGSTA3J,HGST HMS5C4040ALE640,4.00E+12,0,100,0,133,104,100,0,100,3,100,0,100,0,115,41,100,4618,100,0,,,100,3,,,,,,,,,,,,,,,,,,,,,100,3,100,3,181,33,,,100,0,100,0,100,0,200,0,,,,,,,,,,,,,,,,,,,,,,,,,,,,,,,,
2015/2/1,PL2331LAGN1E6J,HGST HMS5C4040BLE640,4.00E+12,0,100,0,133,104,100,0,100,4,100,0,100,0,113,42,100,6922,100,0,,,100,4,,,,,,,,,,,,,,,,,,,,,100,40,100,40,181,33,,,100,0,100,0,100,0,200,0,,,,,,,,,,,,,,,,,,,,,,,,,,,,,,,,
2015/2/1,PL2331LAGPUM6J,HGST HMS5C4040ALE640,4.00E+12,0,100,0,134,102,100,451,100,7,100,0,100,0,113,42,100,5649,100,0,,,100,7,,,,,,,,,,,,,,,,,,,,,100,63,100,63,214,28,,,100,0,100,0,100,0,200,0,,,,,,,,,,,,,,,,,,,,,,,,,,,,,,,,
2015/2/1,JK11A8B9J37XTF,Hitachi HDS722020ALA330,2.00E+12,0,100,0,100,0,114,635,100,30,100,0,100,0,100,0,96,34435,100,0,,,100,29,,,,,,,,,,,,,,,,,,,,,100,1009,100,1009,171,35,,,100,0,100,0,100,0,200,0,,,,,,,,,,,,,,,,,,,,,,,,,,,,,,,,
2015/2/1,Z3011WE3,ST4000DM000,4.00E+12,0,119,205493368,,,97,0,100,3,100,0,88,726356809,,,91,8671,100,0,,,100,3,,,,,,,99,1,100,0,100,0,100,0,96,4,75,25,100,0,100,1,100,645,25,25,,,,,100,0,100,0,200,2,,,,,,,,,,,,,,,,,100,9.32E+13,100,15983100842,100,1.45E+11,,,,,,,,,,
2015/2/1,S1F0GPFZ,ST3000DM001,3.00E+12,0,114,62606360,,,92,0,100,27,100,0,81,121033836,,,75,22174,100,0,,,100,27,,,,,,,100,0,100,0,100,0,100,1.03E+11,100,0,76,24,100,0,100,9,1,223040,24,24,,,,,100,0,100,0,200,0,,,,,,,,,,,,,,,,,100,8.72E+13,100,9.75E+11,100,2.34E+13,,,,,,,,,,
2015/2/1,WD-WXL1H645SSW1,WDC WD60EFRX,6.00E+12,0,200,0,,,100,0,100,4,200,0,200,0,,,100,708,100,0,100,0,100,4,,,,,,,,,,,,,,,,,,,,,200,0,200,40,120,32,,,200,0,200,0,100,0,200,0,100,0,,,,,,,,,,,,,,,,,,,,,,,,,,,,,,
2015/2/1,WD-WMAVU2080712,WDC WD10EADS,1.00E+12,0,200,0,,,189,5533,100,27,200,0,100,0,,,50,37143,100,0,100,0,100,25,,,,,,,,,,,,,,,,,,,,,200,9,1,1329961,115,35,,,200,0,200,0,100,0,200,0,100,0,,,,,,,,,,,,,,,,,,,,,,,,,,,,,,
2015/2/1,PL1331LAGS7VZH,HGST HMS5C4040ALE640,4.00E+12,0,100,0,134,100,100,0,100,3,100,0,100,0,113,42,100,4400,100,0,,,100,3,,,,,,,,,,,,,,,,,,,,,100,57,100,57,230,26,,,100,0,100,0,100,0,200,0,,,,,,,,,,,,,,,,,,,,,,,,,,,,,,,,
2015/2/1,PL2331LAGJ9VEJ,HGST HMS5C4040BLE640,4.00E+12,0,100,0,133,104,100,440,100,5,100,0,100,0,113,42,99,7333,100,0,,,100,5,,,,,,,,,,,,,,,,,,,,,100,30,100,30,240,25,,,100,0,100,0,100,0,200,0,,,,,,,,,,,,,,,,,,,,,,,,,,,,,,,,
2015/2/1,Z30100S9,ST4000DM000,4.00E+12,0,119,224327280,,,97,0,100,3,100,0,88,726652147,,,91,8670,100,0,,,100,3,,,,,,,100,0,100,0,100,0,100,4295032833,95,5,75,25,100,0,100,1,100,646,25,25,,,,,100,0,100,0,200,0,,,,,,,,,,,,,,,,,100,2.77E+14,100,15990493980,100,1.45E+11,,,,,,,,,,
2015/2/1,MJ0351YNGA0YXA,Hitachi HDS5C3030ALA630,3.00E+12,0,100,0,134,111,127,560,100,19,100,0,100,0,122,37,98,19980,100,0,,,100,19,,,,,,,,,,,,,,,,,,,,,100,120,100,120,214,28,,,100,0,100,0,100,0,200,0,,,,,,,,,,,,,,,,,,,,,,,,,,,,,,,,
2015/2/1,PL1331LAGTGTGH,HGST HMS5C4040ALE640,4.00E+12,0,100,0,134,100,100,0,100,3,100,0,100,0,115,41,100,3061,100,0,,,100,3,,,,,,,,,,,,,,,,,,,,,100,36,100,36,240,25,,,100,0,100,0,100,0,200,0,,,,,,,,,,,,,,,,,,,,,,,,,,,,,,,,
2015/2/1,MJ0351YNGA6XTA,Hitachi HDS5C3030ALA630,3.00E+12,0,100,0,135,108,124,559,100,23,100,0,100,0,122,37,98,18668,100,0,,,100,22,,,,,,,,,,,,,,,,,,,,,100,141,100,141,222,27,,,100,0,100,0,100,0,200,0,,,,,,,,,,,,,,,,,,,,,,,,,,,,,,,,
2015/2/1,PL1321LAGAXLJH,Hitachi HDS5C4040ALE630,4.00E+12,0,100,0,134,103,123,568,100,32,100,0,100,0,111,43,98,15432,100,0,,,100,32,,,,,,,,,,,,,,,,,,,,,100,41,100,41,193,31,,,100,0,100,0,100,0,200,0,,,,,,,,,,,,,,,,,,,,,,,,,,,,,,,,
2015/2/1,JK1101B8KN79AZ,Hitachi HDS722020ALA330,2.00E+12,0,100,0,132,104,133,616,100,13,100,10,100,0,121,35,96,33104,100,0,,,100,13,,,,,,,,,,,,,,,,,,,,,100,835,100,835,240,25,,,100,10,100,0,100,0,200,0,,,,,,,,,,,,,,,,,,,,,,,,,,,,,,,,
2015/2/1,PL1331LAGTDNVH,HGST HMS5C4040ALE640,4.00E+12,0,100,0,134,101,100,0,100,3,100,0,100,0,113,42,100,3921,100,0,,,100,3,,,,,,,,,,,,,,,,,,,,,100,40,100,40,193,31,,,100,0,100,0,100,0,200,0,,,,,,,,,,,,,,,,,,,,,,,,,,,,,,,,
2015/2/1,PL2331LAGPMDKJ,HGST HMS5C4040ALE640,4.00E+12,0,100,0,134,100,100,553,100,5,100,0,100,0,113,42,100,5648,100,0,,,100,5,,,,,,,,,,,,,,,,,,,,,100,7,100,7,222,27,,,100,0,100,0,100,0,200,0,,,,,,,,,,,,,,,,,,,,,,,,,,,,,,,,
2015/2/1,JK11A8B9J2BL0F,Hitachi HDS722020ALA330,2.00E+12,0,100,65536,100,0,117,618,100,18,100,0,100,0,100,0,96,34118,100,0,,,100,18,,,,,,,,,,,,,,,,,,,,,100,841,100,841,222,27,,,100,0,100,0,100,0,200,464,,,,,,,,,,,,,,,,,,,,,,,,,,,,,,,,
2015/2/1,MJ0351YNGA5UGA,Hitachi HDS5C3030ALA630,3.00E+12,0,100,65536,134,109,124,565,100,31,100,0,100,0,124,36,98,17977,100,0,,,100,31,,,,,,,,,,,,,,,,,,,,,100,243,100,243,206,29,,,100,0,100,0,100,0,200,406,,,,,,,,,,,,,,,,,,,,,,,,,,,,,,,,
2015/2/1,PL1331LAGTXAJH,HGST HMS5C4040ALE640,4.00E+12,0,100,0,134,103,100,0,100,3,100,0,100,0,113,42,100,2958,100,0,,,100,3,,,,,,,,,,,,,,,,,,,,,100,6,100,6,230,26,,,100,0,100,0,100,0,200,0,,,,,,,,,,,,,,,,,,,,,,,,,,,,,,,,
2015/2/1,6XW108N8,ST31500541AS,1.50E+12,0,116,104410014,,,100,0,100,80,100,0,91,1397169686,,,54,40353,100,0,,,100,80,,,,,,,100,0,100,0,100,0,100,0,94,6,71,29,,,,,,,29,29,55,104410014,,,100,0,100,0,200,0,,,,,,,,,,,,,,,,,100,1.31E+14,100,688274836,100,1135899629,,,,,,,,,,
2015/2/1,WD-WMAYV2811694,WDC WD1600AAJS,1.60E+11,0,200,0,,,140,3958,100,52,200,0,200,0,,,69,22722,100,0,100,0,100,50,,,,,,,,,,,,,,,,,,,,,200,15,200,36,108,35,,,200,0,200,0,200,0,200,0,200,0,,,,,,,,,,,,,,,,,,,,,,,,,,,,,,
2015/2/1,S1F10NM6,ST3000DM001,3.00E+12,0,118,194455112,,,92,0,100,45,100,0,88,800433373,,,80,18237,100,0,,,100,44,,,,,,,100,0,100,0,100,0,100,55835426829,99,1,75,25,100,0,100,14,1,339829,25,25,,,,,100,0,100,0,200,0,,,,,,,,,,,,,,,,,100,1.34E+14,100,6.40E+11,100,1.59E+14,,,,,,,,,,
2015/2/1,6XW1V470,ST31500541AS,1.50E+12,0,112,42045944,,,100,0,100,54,100,0,89,864846752,,,76,21286,100,0,,,100,54,,,,,,,100,0,100,0,100,0,100,0,100,0,69,31,,,,,,,31,31,54,42045944,,,100,0,100,0,200,0,,,,,,,,,,,,,,,,,100,3.32E+13,100,1515431722,100,1011890967,,,,,,,,,,
2015/2/1,PL2331LAGSV2SJ,HGST HMS5C4040ALE640,4.00E+12,0,100,0,134,100,100,0,100,4,100,0,100,0,113,42,100,4566,100,0,,,100,4,,,,,,,,,,,,,,,,,,,,,100,57,100,57,222,27,,,100,0,100,0,100,0,200,0,,,,,,,,,,,,,,,,,,,,,,,,,,,,,,,,
2015/2/1,6VDJ06TH,ST9320325AS,3.20E+11,0,119,217591883,,,98,0,100,17,100,0,81,121180502,,,91,8192,100,0,,,100,17,,,,,,,,,100,0,100,0,100,14,100,0,75,25,100,0,100,0,94,13998,25,25,62,217591883,,,100,0,100,0,200,0,,,,,,,,,,,,,,,,,,,,,,,,,,,,,100,0,,
2015/2/1,PL1331LAGR5TTH,HGST HMS5C4040ALE640,4.00E+12,0,100,0,134,103,100,0,100,4,100,0,100,0,115,41,100,5744,100,0,,,100,4,,,,,,,,,,,,,,,,,,,,,100,32,100,32,240,25,,,100,0,100,0,100,0,200,0,,,,,,,,,,,,,,,,,,,,,,,,,,,,,,,,
2015/2/1,JK11A8B9J720KF,Hitachi HDS722020ALA330,2.00E+12,0,100,0,100,0,116,624,100,29,100,0,100,0,100,0,96,33323,100,0,,,100,27,,,,,,,,,,,,,,,,,,,,,100,781,100,781,181,33,,,100,0,100,0,100,0,200,0,,,,,,,,,,,,,,,,,,,,,,,,,,,,,,,,
2015/2/1,PL1331LAGRA21H,HGST HMS5C4040ALE640,4.00E+12,0,100,0,131,112,100,0,100,3,100,0,100,0,113,42,100,5481,100,0,,,100,3,,,,,,,,,,,,,,,,,,,,,100,82,100,82,214,28,,,100,0,100,0,100,0,200,0,,,,,,,,,,,,,,,,,,,,,,,,,,,,,,,,
2015/2/1,6VY9JADG,ST3160318AS,1.60E+11,0,105,8986364,,,97,0,100,32,86,591,87,475983868,,,61,34990,100,0,,,100,16,,,,,,,100,0,100,0,100,0,100,44,100,0,65,35,,,,,,,35,35,54,8986364,,,100,0,100,0,200,0,,,,,,,,,,,,,,,,,100,2.13E+14,100,1900008981,100,1381841475,,,,,,,,,,
2015/2/1,S3007Y0W,ST4000DM000,4.00E+12,0,114,71648448,,,95,0,100,5,100,0,87,628002797,,,92,7304,100,0,,,100,5,,,,,,,100,0,100,0,100,0,100,0,97,3,69,31,100,0,100,2,98,5583,31,31,,,,,100,0,100,0,200,0,,,,,,,,,,,,,,,,,100,1.98E+14,100,15720083976,100,47234754935,,,,,,,,,,
2015/2/1,W300AMGV,ST4000DM000,4.00E+12,0,114,65711096,,,92,0,100,31,100,0,76,47704617,,,85,13329,100,0,,,100,31,,,,,,,100,0,100,0,100,0,100,0,91,9,75,25,100,0,100,21,87,26439,25,25,,,,,100,0,100,0,200,0,,,,,,,,,,,,,,,,,100,4.36E+13,100,23007194896,100,75394400013,,,,,,,,,,
2015/2/1,Z4D03TCB,ST6000DX000,6.00E+12,0,117,157225176,,,87,0,100,15,100,0,86,4723569075,,,96,4271,100,0,,,100,14,,,,,,,100,0,100,0,100,0,100,0,91,9,78,22,99,3651,100,0,100,1466,22,22,78,157225176,,,100,0,100,0,200,0,,,,,,,,,,,,,,,,,100,2.25E+14,100,18376692871,100,3.22E+13,,,,,,,,,,
2015/2/1,WD-WCC4N0945820,WDC WD30EFRX,3.00E+12,0,200,0,,,183,5816,100,11,200,0,100,0,,,93,5364,100,0,100,0,100,11,,,,,,,,,,,,,,,,,,,,,200,3,200,9,123,27,,,200,0,200,0,100,0,200,0,100,0,,,,,,,,,,,,,,,,,,,,,,,,,,,,,,
2015/2/1,PL1331LAGT5U3H,HGST HMS5C4040ALE640,4.00E+12,0,100,0,134,100,100,0,100,4,100,0,100,0,113,42,100,3920,100,0,,,100,4,,,,,,,,,,,,,,,,,,,,,100,52,100,52,181,33,,,100,0,100,0,100,0,200,0,,,,,,,,,,,,,,,,,,,,,,,,,,,,,,,,
2015/2/1,Z1F1A1HH,ST3000DM001,3.00E+12,0,118,174193688,,,92,0,100,29,100,0,87,494947477,,,80,18042,100,0,,,100,29,,,,,,,100,0,100,0,100,0,100,0,100,0,75,25,100,0,100,7,1,228054,25,25,,,,,100,0,100,0,200,0,,,,,,,,,,,,,,,,,100,8.09E+13,100,1.47E+12,100,1.11E+14,,,,,,,,,,
2015/2/1,PL1331LAGLZJ3H,HGST HMS5C4040BLE640,4.00E+12,0,100,0,134,100,100,463,100,6,100,0,100,0,109,44,99,7257,100,0,,,100,6,,,,,,,,,,,,,,,,,,,,,100,132,100,132,181,33,,,100,0,100,0,100,0,200,0,,,,,,,,,,,,,,,,,,,,,,,,,,,,,,,,
2015/2/1,S30070G5,ST4000DM000,4.00E+12,0,118,174870672,,,97,0,100,3,100,0,87,635072541,,,92,7305,100,0,,,100,3,,,,,,,100,0,100,0,100,0,100,0,98,2,72,28,100,0,100,1,98,5665,28,28,,,,,100,0,100,0,200,0,,,,,,,,,,,,,,,,,100,1.27E+14,100,15729536058,100,47682474704,,,,,,,,,,
2015/2/1,Z30179K1,ST4000DM000,4.00E+12,0,117,164360544,,,92,0,100,17,100,0,86,423991111,,,92,7811,100,0,,,100,17,,,,,,,100,0,100,0,100,0,100,0,98,2,75,25,100,0,100,17,49,103807,25,25,,,,,100,0,100,0,200,0,,,,,,,,,,,,,,,,,100,7292,100,14967749633,100,2.24E+11,,,,,,,,,,
2015/2/1,PL2331LAGSTG9J,HGST HMS5C4040ALE640,4.00E+12,0,100,0,133,104,100,0,100,4,100,0,100,0,113,42,100,4593,100,0,,,100,4,,,,,,,,,,,,,,,,,,,,,100,4,100,4,222,27,,,100,0,100,0,100,0,200,0,,,,,,,,,,,,,,,,,,,,,,,,,,,,,,,,
2015/2/1,PL1331LAGS5Y4H,HGST HMS5C4040ALE640,4.00E+12,0,100,0,135,96,100,0,100,3,100,0,100,0,111,43,100,3945,100,0,,,100,3,,,,,,,,,,,,,,,,,,,,,100,56,100,56,214,28,,,100,0,100,0,100,0,200,0,,,,,,,,,,,,,,,,,,,,,,,,,,,,,,,,
2015/2/1,Z3010TMC,ST4000DM000,4.00E+12,0,117,126541256,,,96,0,100,4,100,0,77,52405701,,,98,2374,100,0,,,100,4,,,,,,,100,0,100,0,100,0,100,0,100,0,75,25,100,0,100,3,95,11334,25,25,,,,,100,0,100,0,200,0,,,,,,,,,,,,,,,,,100,2164,100,4927724280,100,35663198544,,,,,,,,,,
2015/2/1,Z3010DB3,ST4000DM000,4.00E+12,0,108,17345400,,,98,0,100,2,100,0,78,78203756,,,98,2047,100,0,,,100,2,,,,,,,99,1,100,0,100,0,100,0,98,2,78,22,100,0,100,1,95,11362,22,22,,,,,100,0,100,0,200,0,,,,,,,,,,,,,,,,,100,1993,100,7866447262,100,21926049050,,,,,,,,,,
2015/2/1,MJ0351YNG9ZS2A,Hitachi HDS5C3030ALA630,3.00E+12,0,100,0,136,104,125,560,100,16,100,0,100,0,122,37,98,18879,100,0,,,100,16,,,,,,,,,,,,,,,,,,,,,100,150,100,150,230,26,,,100,0,100,0,100,0,200,0,,,,,,,,,,,,,,,,,,,,,,,,,,,,,,,,
2015/2/1,Z300ZTJ8,ST4000DM000,4.00E+12,0,119,212053424,,,99,0,100,1,100,0,83,204469376,,,98,2265,100,0,,,100,1,,,,,,,99,1,100,0,100,0,100,0,91,9,81,19,100,0,100,1,100,148,19,19,,,,,100,0,100,0,200,0,,,,,,,,,,,,,,,,,100,2254,100,10352943120,100,73283916378,,,,,,,,,,
2015/2/1,Z252E8NAS,TOSHIBA DT01ACA300,3.00E+12,0,100,0,139,72,135,425,100,32,100,0,100,0,124,33,98,16616,100,0,,,100,30,,,,,,,,,,,,,,,,,,,,,100,37,100,37,222,27,,,100,0,100,0,100,0,200,115,,,,,,,,,,,,,,,,,,,,,,,,,,,,,,,,
2015/2/1,PL2331LAGN2KPJ,HGST HMS5C4040BLE640,4.00E+12,0,100,0,135,99,100,0,100,4,100,0,100,0,113,42,100,5961,100,0,,,100,4,,,,,,,,,,,,,,,,,,,,,100,39,100,39,222,27,,,100,0,100,0,100,0,200,0,,,,,,,,,,,,,,,,,,,,,,,,,,,,,,,,
2015/2/1,Z300WP18,ST4000DM000,4.00E+12,0,102,3796080,,,91,0,100,12,100,0,89,860119755,,,89,9936,100,0,,,100,11,,,,,,,100,0,100,0,100,0,100,0,95,5,78,22,100,0,100,3,95,11169,22,22,,,,,100,0,100,0,200,0,,,,,,,,,,,,,,,,,100,2.04E+14,100,20032983794,100,1.06E+11,,,,,,,,,,
2015/2/1,WD-WCAU45638948,WDC WD10EADS,1.00E+12,0,200,0,,,191,5433,100,40,200,0,100,0,,,31,50782,100,0,100,0,100,38,,,,,,,,,,,,,,,,,,,,,200,9,200,40,119,31,,,200,0,200,0,200,0,200,0,200,0,,,,,,,,,,,,,,,,,,,,,,,,,,,,,,
2015/2/1,Z3010TMR,ST4000DM000,4.00E+12,0,117,145028648,,,99,0,100,1,100,0,81,164366684,,,98,2409,100,0,,,100,1,,,,,,,99,1,100,0,100,0,100,0,87,13,72,28,100,0,100,1,100,215,28,28,,,,,100,0,100,0,200,0,,,,,,,,,,,,,,,,,100,2390,100,10783670029,100,49870813134,,,,,,,,,,
2015/2/1,Z300ZTJ6,ST4000DM000,4.00E+12,0,118,177988744,,,99,0,100,1,100,0,83,203220190,,,98,2264,100,0,,,100,1,,,,,,,99,1,100,0,100,0,100,0,92,8,79,21,100,0,100,1,100,158,21,21,,,,,100,0,100,0,200,0,,,,,,,,,,,,,,,,,100,2251,100,10312972331,100,73174770270,,,,,,,,,,
2015/2/1,5XW09Z21,ST31500541AS,1.50E+12,0,114,70137365,,,100,0,100,36,100,0,91,1505741470,,,63,33046,100,0,,,100,36,,,,,,,100,0,100,0,100,0,100,0,89,11,76,24,,,,,,,24,24,53,70137365,,,100,0,100,0,200,0,,,,,,,,,,,,,,,,,100,1.24E+14,100,1987377718,100,1156998910,,,,,,,,,,
2015/2/1,Z30179KR,ST4000DM000,4.00E+12,0,117,129803888,,,98,0,100,2,100,0,88,716768074,,,91,7948,100,0,,,100,2,,,,,,,100,0,100,0,100,0,100,0,100,0,73,27,100,0,100,2,100,505,27,27,,,,,100,0,100,0,200,0,,,,,,,,,,,,,,,,,100,1.43E+14,100,17526515612,100,83791405392,,,,,,,,,,
2015/2/1,Z300WP1E,ST4000DM000,4.00E+12,0,104,6634288,,,93,0,100,7,100,0,89,874982764,,,88,10930,100,0,,,100,7,,,,,,,100,0,100,0,100,0,100,0,95,5,73,27,100,0,100,1,98,4773,27,27,,,,,100,0,100,0,200,0,,,,,,,,,,,,,,,,,100,2.74E+14,100,19146220498,100,1.81E+11,,,,,,,,,,
2015/2/1,Z300ZTJN,ST4000DM000,4.00E+12,0,118,192303216,,,99,0,100,1,100,0,81,162181769,,,98,2408,100,0,,,100,1,,,,,,,99,1,100,0,99,1,100,0,100,0,75,25,100,0,100,1,100,219,25,25,,,,,100,0,100,0,200,0,,,,,,,,,,,,,,,,,100,2392,100,10779403289,100,50260416064,,,,,,,,,,
2015/2/1,PL1331LAGRYKHH,HGST HMS5C4040ALE640,4.00E+12,0,100,0,133,104,125,554,100,17,100,0,100,0,113,42,100,5600,100,0,,,100,17,,,,,,,,,,,,,,,,,,,,,100,166,100,166,214,28,,,100,0,100,0,100,0,200,0,,,,,,,,,,,,,,,,,,,,,,,,,,,,,,,,
2015/2/1,PL1331LAGSPXYH,HGST HMS5C4040ALE640,4.00E+12,0,100,0,134,103,100,435,100,5,100,0,100,0,113,42,100,4644,100,0,,,100,5,,,,,,,,,,,,,,,,,,,,,100,71,100,71,181,33,,,100,0,100,0,100,0,200,0,,,,,,,,,,,,,,,,,,,,,,,,,,,,,,,,
2015/2/1,PL1331LAGSHSJH,HGST HMS5C4040ALE640,4.00E+12,0,100,0,134,100,100,0,100,4,100,0,100,0,113,42,100,5458,100,0,,,100,4,,,,,,,,,,,,,,,,,,,,,100,103,100,103,214,28,,,100,0,100,0,100,0,200,0,,,,,,,,,,,,,,,,,,,,,,,,,,,,,,,,
2015/2/1,PL1311LAG3EE4H,Hitachi HDS5C4040ALE630,4.00E+12,0,100,0,130,115,150,506,100,14,100,0,100,0,113,42,98,15967,100,0,,,100,14,,,,,,,,,,,,,,,,,,,,,100,19,100,19,250,24,,,100,0,100,0,100,0,200,0,,,,,,,,,,,,,,,,,,,,,,,,,,,,,,,,
2015/2/1,Z3010BZP,ST4000DM000,4.00E+12,0,118,198425952,,,94,0,100,6,100,0,88,717278159,,,91,8671,100,0,,,100,6,,,,,,,100,0,100,0,100,0,100,0,97,3,76,24,100,0,100,1,95,10473,24,24,,,,,100,0,100,0,200,0,,,,,,,,,,,,,,,,,100,5.60E+13,100,17650393622,100,1.35E+11,,,,,,,,,,
2015/2/1,PL1331LAGSAAGH,HGST HMS5C4040ALE640,4.00E+12,0,100,0,134,101,100,0,100,4,100,0,100,0,115,41,100,5123,100,0,,,100,4,,,,,,,,,,,,,,,,,,,,,100,26,100,26,187,32,,,100,0,100,0,100,0,200,0,,,,,,,,,,,,,,,,,,,,,,,,,,,,,,,,
2015/2/1,Z300ZTJQ,ST4000DM000,4.00E+12,0,117,163509040,,,99,0,100,1,100,0,81,150149379,,,98,2241,100,0,,,100,1,,,,,,,99,1,100,0,100,0,100,0,93,7,77,23,100,0,100,1,100,249,23,23,,,,,100,0,100,0,200,0,,,,,,,,,,,,,,,,,100,2226,100,10103715761,100,46882247944,,,,,,,,,,
2015/2/1,Z300WP1Y,ST4000DM000,4.00E+12,0,104,6630304,,,96,0,100,4,100,0,89,892430523,,,89,9960,100,0,,,100,4,,,,,,,100,0,100,0,100,0,100,1,87,13,73,27,100,0,100,1,100,978,27,27,,,,,100,0,100,0,200,0,,,,,,,,,,,,,,,,,100,1.22E+14,100,19527800024,100,87610236012,,,,,,,,,,
2015/2/1,PL1331LAGSG4GH,HGST HMS5C4040ALE640,4.00E+12,0,100,0,134,100,100,0,100,1,100,0,100,0,113,42,100,5482,100,0,,,100,1,,,,,,,,,,,,,,,,,,,,,100,50,100,50,214,28,,,100,0,100,0,100,0,200,0,,,,,,,,,,,,,,,,,,,,,,,,,,,,,,,,
2015/2/1,6XW041SM,ST31500541AS,1.50E+12,0,118,187678082,,,100,0,100,38,100,0,93,1898986242,,,47,47296,100,0,,,100,38,,,,,,,100,0,100,0,100,0,100,0,3,97,71,29,,,,,,,29,29,55,187678082,,,100,0,100,0,200,0,,,,,,,,,,,,,,,,,100,5.15E+11,100,3411706363,100,1304647466,,,,,,,,,,
2015/2/1,PL1331LAGLWV8H,HGST HMS5C4040BLE640,4.00E+12,0,100,0,134,100,139,556,100,12,100,0,100,0,111,43,99,7327,100,0,,,100,12,,,,,,,,,,,,,,,,,,,,,100,106,100,106,206,29,,,100,0,100,0,100,0,200,0,,,,,,,,,,,,,,,,,,,,,,,,,,,,,,,,
2015/2/1,W300KFS4,ST4000DM000,4.00E+12,0,117,120931128,,,92,0,100,21,100,0,89,870826483,,,88,10893,100,0,,,100,21,,,,,,,99,1,100,0,100,0,100,0,93,7,77,23,100,0,100,5,98,4526,23,23,,,,,100,0,100,0,200,0,,,,,,,,,,,,,,,,,100,1.65E+14,100,21615591516,100,1.70E+11,,,,,,,,,,
2015/2/1,W300KFS2,ST4000DM000,4.00E+12,0,118,193411840,,,95,0,100,5,100,0,90,945907994,,,88,10822,100,0,,,100,5,,,,,,,99,1,100,0,100,0,100,0,87,13,77,23,100,0,100,1,97,7299,23,23,,,,,100,0,100,0,200,0,,,,,,,,,,,,,,,,,100,1.62E+14,100,21281355586,100,1.03E+11,,,,,,,,,,
2015/2/1,PL1331LAGRLK0H,HGST HMS5C4040ALE640,4.00E+12,0,100,0,134,100,100,0,100,3,100,0,100,0,111,43,100,4905,100,0,,,100,3,,,,,,,,,,,,,,,,,,,,,100,14,100,14,187,32,,,100,0,100,0,100,0,200,0,,,,,,,,,,,,,,,,,,,,,,,,,,,,,,,,
2015/2/1,JK1101B9KLUJDT,Hitachi HDS722020ALA330,2.00E+12,0,100,0,132,103,131,627,100,13,100,0,100,0,119,36,96,33105,100,0,,,100,12,,,,,,,,,,,,,,,,,,,,,100,773,100,773,253,22,,,100,0,100,0,100,0,200,0,,,,,,,,,,,,,,,,,,,,,,,,,,,,,,,,
2015/2/1,PL1331LAGRL3KH,HGST HMS5C4040ALE640,4.00E+12,0,100,0,132,109,100,0,100,3,100,0,100,0,113,42,100,4904,100,0,,,100,3,,,,,,,,,,,,,,,,,,,,,100,16,100,16,193,31,,,100,0,100,0,100,0,200,0,,,,,,,,,,,,,,,,,,,,,,,,,,,,,,,,
2015/2/1,PL2331LAGML9WJ,HGST HMS5C4040BLE640,4.00E+12,0,100,0,135,99,100,440,100,8,100,0,100,0,113,42,100,6585,100,0,,,100,8,,,,,,,,,,,,,,,,,,,,,100,38,100,38,206,29,,,100,0,100,0,100,0,200,0,,,,,,,,,,,,,,,,,,,,,,,,,,,,,,,,
2015/2/1,PL2311LAG1U6GC,Hitachi HDS5C4040ALE630,4.00E+12,0,100,0,134,101,122,570,100,15,100,0,100,0,113,42,98,17468,100,0,,,100,15,,,,,,,,,,,,,,,,,,,,,100,20,100,20,253,23,,,100,0,100,0,100,0,200,6,,,,,,,,,,,,,,,,,,,,,,,,,,,,,,,,
2015/2/1,JK1105B8GG3S2X,Hitachi HDS722020ALA330,2.00E+12,0,100,0,100,0,115,627,100,26,100,0,100,0,100,0,95,37165,100,0,,,100,26,,,,,,,,,,,,,,,,,,,,,100,1035,100,1035,187,32,,,100,0,100,0,100,0,200,0,,,,,,,,,,,,,,,,,,,,,,,,,,,,,,,,
2015/2/1,Z300T1B3,ST4000DM000,4.00E+12,0,115,94586200,,,97,0,100,3,100,0,90,950697930,,,88,11319,100,0,,,100,3,,,,,,,99,1,100,0,100,0,100,0,100,0,79,21,100,0,100,1,100,1027,21,21,,,,,100,0,100,0,200,0,,,,,,,,,,,,,,,,,100,11314,100,23772009860,100,88505280750,,,,,,,,,,
2015/2/1,Z30228HZ,ST4000DM000,4.00E+12,0,114,67960960,,,98,0,100,2,100,0,79,88491355,,,98,2430,100,0,,,100,2,,,,,,,100,0,100,0,100,0,100,0,98,2,76,24,100,0,100,1,93,15359,24,24,,,,,100,0,100,0,200,0,,,,,,,,,,,,,,,,,100,2303,100,10748359147,100,21727656092,,,,,,,,,,
2015/2/1,MJ1311YNG5P4KA,Hitachi HDS5C3030ALA630,3.00E+12,0,100,0,134,111,139,566,100,14,100,0,100,0,132,32,97,24293,100,0,,,100,14,,,,,,,,,,,,,,,,,,,,,100,15,100,15,230,26,,,100,0,100,0,100,0,200,0,,,,,,,,,,,,,,,,,,,,,,,,,,,,,,,,
2015/2/1,JK1101B9JNGA4R,Hitachi HDS722020ALA330,2.00E+12,0,100,0,100,0,115,624,100,20,100,0,100,0,100,0,96,33641,100,0,,,100,20,,,,,,,,,,,,,,,,,,,,,100,791,100,791,193,31,,,100,0,100,0,100,0,200,0,,,,,,,,,,,,,,,,,,,,,,,,,,,,,,,,
2015/2/1,PL2331LAGM9ZVJ,HGST HMS5C4040BLE640,4.00E+12,0,100,0,134,100,140,555,100,10,100,0,100,0,113,42,100,5649,100,0,,,100,10,,,,,,,,,,,,,,,,,,,,,100,208,100,208,214,28,,,100,0,100,0,100,0,200,0,,,,,,,,,,,,,,,,,,,,,,,,,,,,,,,,
2015/2/1,PL1331LAGRGDNH,HGST HMS5C4040ALE640,4.00E+12,0,100,0,135,96,100,434,100,5,100,0,100,0,113,42,100,5600,100,0,,,100,5,,,,,,,,,,,,,,,,,,,,,100,67,100,67,240,25,,,100,0,100,0,100,0,200,0,,,,,,,,,,,,,,,,,,,,,,,,,,,,,,,,
2015/2/1,WD-WCC4N0829699,WDC WD30EFRX,3.00E+12,0,200,0,,,182,5891,100,19,200,0,100,0,,,93,5825,100,0,100,0,100,19,,,,,,,,,,,,,,,,,,,,,200,3,200,19,122,28,,,200,0,200,0,100,0,200,0,100,0,,,,,,,,,,,,,,,,,,,,,,,,,,,,,,
2015/2/1,Z3016SXE,ST4000DM000,4.00E+12,0,120,239752832,,,92,0,100,17,100,0,86,423597585,,,92,7811,100,0,,,100,17,,,,,,,100,0,100,0,100,0,100,0,99,1,76,24,100,0,100,17,48,104867,24,24,,,,,100,0,100,0,200,0,,,,,,,,,,,,,,,,,100,7283,100,14970442379,100,2.24E+11,,,,,,,,,,
2015/2/1,Z30251Y5,ST4000DM000,4.00E+12,0,118,189404920,,,97,0,100,3,100,0,78,70957405,,,98,2073,100,0,,,100,3,,,,,,,100,0,100,0,100,0,100,1,100,0,72,28,100,0,100,0,90,21644,28,28,,,,,100,0,100,0,200,0,,,,,,,,,,,,,,,,,100,1936,100,7432318196,100,24702771461,,,,,,,,,,
2015/2/1,PL1331LAGM05EH,HGST HMS5C4040BLE640,4.00E+12,0,100,0,135,99,100,0,100,4,100,0,100,0,113,42,99,7451,100,0,,,100,4,,,,,,,,,,,,,,,,,,,,,100,22,100,22,200,30,,,100,0,100,0,100,0,200,0,,,,,,,,,,,,,,,,,,,,,,,,,,,,,,,,
2015/2/1,Z30251Y1,ST4000DM000,4.00E+12,0,119,224583760,,,98,0,100,2,100,0,81,139123605,,,98,2073,100,0,,,100,2,,,,,,,100,0,100,0,100,0,100,1,98,2,69,31,100,0,100,0,100,1606,31,31,,,,,100,0,100,0,200,0,,,,,,,,,,,,,,,,,100,2050,100,9617143887,100,44125924408,,,,,,,,,,
2015/2/1,Z300ZST1,ST4000DM000,4.00E+12,0,111,32880864,,,94,0,100,6,100,0,88,716691367,,,91,8669,100,0,,,100,6,,,,,,,99,1,100,0,100,0,100,4295032833,87,13,75,25,100,0,100,1,95,10444,25,25,,,,,100,0,100,0,200,0,,,,,,,,,,,,,,,,,100,1.28E+14,100,17655087172,100,1.34E+11,,,,,,,,,,
2015/2/1,Z300ZST5,ST4000DM000,4.00E+12,0,113,53336792,,,94,0,100,6,100,0,88,715088963,,,91,8670,100,0,,,100,6,,,,,,,99,1,100,0,100,0,100,0,91,9,75,25,100,0,100,1,97,7323,25,25,,,,,100,0,100,0,200,0,,,,,,,,,,,,,,,,,100,2.65E+14,100,17539999220,100,1.42E+11,,,,,,,,,,
2015/2/1,W0Q1NBXA,ST320LT007,3.20E+11,0,117,161864904,,,98,0,100,12,100,5,84,267462272,,,86,12380,100,0,,,100,12,,,,,,,,,100,0,100,0,100,11,100,0,75,25,100,5,100,0,76,48462,25,25,56,161864904,,,100,0,100,0,200,0,,,,,,,,,,,,,,,,,100,2.39E+14,100,2785066343,100,1464274466,1,36799722,1,75499765,1,33691610,100,0,,
2015/2/1,MJ1323YNG1R2TC,Hitachi HDS5C3030ALA630,3.00E+12,0,100,0,100,0,124,562,100,23,100,0,100,0,100,0,96,29772,100,0,,,100,23,,,,,,,,,,,,,,,,,,,,,100,1088,100,1088,230,26,,,100,0,100,0,100,0,200,0,,,,,,,,,,,,,,,,,,,,,,,,,,,,,,,,
2015/2/1,PL1331LAGRZ97H,HGST HMS5C4040ALE640,4.00E+12,0,100,0,134,100,100,450,100,6,100,0,100,0,113,42,100,5767,100,0,,,100,6,,,,,,,,,,,,,,,,,,,,,100,40,100,40,206,29,,,100,0,100,0,100,0,200,0,,,,,,,,,,,,,,,,,,,,,,,,,,,,,,,,
2015/2/1,JK11A8B9J38GRF,Hitachi HDS722020ALA330,2.00E+12,0,100,0,100,0,119,634,100,23,100,0,100,0,100,0,96,33954,100,0,,,100,23,,,,,,,,,,,,,,,,,,,,,100,1060,100,1060,253,23,,,100,0,100,0,100,0,200,0,,,,,,,,,,,,,,,,,,,,,,,,,,,,,,,,
2015/2/1,PL1331LAGLVTKH,HGST HMS5C4040BLE640,4.00E+12,0,100,0,134,102,100,556,100,9,100,0,100,0,111,43,100,6581,100,0,,,100,9,,,,,,,,,,,,,,,,,,,,,100,128,100,128,200,30,,,100,0,100,0,100,0,200,0,,,,,,,,,,,,,,,,,,,,,,,,,,,,,,,,
2015/2/1,Z300ZSTX,ST4000DM000,4.00E+12,0,114,71842496,,,91,0,100,8,100,0,88,722443961,,,90,8986,100,0,,,100,8,,,,,,,99,1,100,0,100,0,100,0,92,8,76,24,100,0,100,4,100,512,24,24,,,,,100,0,100,0,200,0,,,,,,,,,,,,,,,,,100,2.38E+14,100,16366424242,100,1.36E+11,,,,,,,,,,
2015/2/1,S1F0S351,ST3000DM001,3.00E+12,0,115,91458848,,,92,0,100,36,100,0,90,975069815,,,77,20560,100,0,,,100,36,,,,,,,100,0,100,0,100,0,100,68720525328,100,0,79,21,100,0,100,8,1,272197,21,21,,,,,100,0,100,0,200,0,,,,,,,,,,,,,,,,,100,7.21E+13,100,3.29E+11,100,6.83E+13,,,,,,,,,,
2015/2/1,JK11A8B9J7ZUAF,Hitachi HDS722020ALA330,2.00E+12,0,100,65536,100,0,117,619,100,15,100,0,100,0,100,0,95,36030,100,0,,,100,15,,,,,,,,,,,,,,,,,,,,,100,983,100,983,200,30,,,100,0,100,0,100,0,200,3412,,,,,,,,,,,,,,,,,,,,,,,,,,,,,,,,
2015/2/1,Z30251YQ,ST4000DM000,4.00E+12,0,113,51455080,,,98,0,100,2,100,0,83,216809809,,,97,2914,100,0,,,100,2,,,,,,,100,0,100,0,100,0,100,0,97,3,77,23,100,0,100,0,100,1078,23,23,,,,,100,0,100,0,200,0,,,,,,,,,,,,,,,,,100,2910,100,10606605089,100,78795187447,,,,,,,,,,
2015/2/1,PL1331LAGS3BWH,HGST HMS5C4040ALE640,4.00E+12,0,100,0,134,101,125,556,100,25,100,0,100,0,113,42,100,5601,100,0,,,100,25,,,,,,,,,,,,,,,,,,,,,100,174,100,174,222,27,,,100,0,100,0,100,0,200,0,,,,,,,,,,,,,,,,,,,,,,,,,,,,,,,,
2015/2/1,PL2331LAGUH04J,HGST HMS5C4040ALE640,4.00E+12,0,100,0,134,102,100,459,100,6,100,0,100,0,113,42,100,2933,100,0,,,100,6,,,,,,,,,,,,,,,,,,,,,100,84,100,84,171,35,,,100,0,100,0,100,0,200,4037,,,,,,,,,,,,,,,,,,,,,,,,,,,,,,,,
2015/2/1,9VS1QE91,ST31500341AS,1.50E+12,0,101,3428443,,,100,0,100,87,100,12,93,2036416902,,,43,50074,100,0,,,100,88,,,,,,,,,100,0,100,0,100,55835492367,31,69,70,30,,,,,,,30,30,47,3428443,,,100,0,100,0,200,0,,,,,,,,,,,,,,,,,100,2.71E+13,100,4164041959,100,2148602388,,,,,,,,,,
2015/2/1,Z30251YX,ST4000DM000,4.00E+12,0,118,184149568,,,93,0,100,21,100,0,79,86529621,,,99,1732,100,0,,,100,21,,,,,,,100,0,100,0,100,0,100,0,100,0,77,23,100,0,100,20,100,159,23,23,,,,,100,0,100,0,200,0,,,,,,,,,,,,,,,,,100,1723,100,10066954094,100,34083025525,,,,,,,,,,
2015/2/1,MJ1311YNG3G41A,Hitachi HDS5C3030ALA630,3.00E+12,0,100,0,100,0,124,561,100,19,100,0,100,0,100,0,96,28954,100,0,,,100,19,,,,,,,,,,,,,,,,,,,,,100,1031,100,1031,250,24,,,100,0,100,0,100,0,200,0,,,,,,,,,,,,,,,,,,,,,,,,,,,,,,,,
2015/2/1,Z300ZSTK,ST4000DM000,4.00E+12,0,119,203075328,,,91,0,100,8,100,0,88,722512582,,,90,8985,100,0,,,100,8,,,,,,,99,1,100,0,100,0,100,0,90,10,73,27,100,0,100,2,100,512,27,27,,,,,100,0,100,0,200,0,,,,,,,,,,,,,,,,,100,2.41E+14,100,16383351626,100,1.36E+11,,,,,,,,,,
2015/2/1,Z3016SX0,ST4000DM000,4.00E+12,0,118,174254216,,,93,0,100,7,100,0,87,654262899,,,92,7760,100,0,,,100,7,,,,,,,100,0,100,0,100,0,100,0,97,3,76,24,100,0,100,2,100,494,24,24,,,,,100,0,100,0,200,0,,,,,,,,,,,,,,,,,100,1.33E+13,100,15604776332,100,1.27E+11,,,,,,,,,,
2015/2/1,Z300ZSTN,ST4000DM000,4.00E+12,0,109,21204776,,,93,0,100,7,100,0,88,714182450,,,91,8670,100,0,,,100,7,,,,,,,100,0,100,0,100,0,100,0,94,6,75,25,100,0,100,1,94,13293,25,25,,,,,100,0,100,0,200,0,,,,,,,,,,,,,,,,,100,2.05E+14,100,17632055316,100,1.34E+11,,,,,,,,,,
2015/2/1,W300SQ92,ST4000DM000,4.00E+12,0,113,54059200,,,96,0,100,4,100,0,78,81293647,,,99,1717,100,0,,,100,4,,,,,,,100,0,100,0,100,0,100,0,100,0,78,22,100,0,100,0,97,7481,22,22,,,,,100,0,100,0,200,0,,,,,,,,,,,,,,,,,100,1.94E+14,100,8909592774,100,23408826261,,,,,,,,,,
2015/2/1,Z30251YL,ST4000DM000,4.00E+12,0,119,228449592,,,99,0,100,1,100,0,82,177812936,,,98,2599,100,0,,,100,1,,,,,,,100,0,100,0,100,0,100,0,98,2,82,18,100,0,100,0,100,164,18,18,,,,,100,0,100,0,200,0,,,,,,,,,,,,,,,,,100,2595,100,10533517765,100,58939926061,,,,,,,,,,
2015/2/1,WD-WCAU47356414,WDC WD10EADS,1.00E+12,0,200,1,,,162,6891,100,98,200,0,200,0,,,64,26884,100,0,100,0,100,95,,,,,,,,,,,,,,,,,,,,,200,22,200,98,126,24,,,200,0,200,0,200,0,200,0,200,0,,,,,,,,,,,,,,,,,,,,,,,,,,,,,,
2015/2/1,PL2331LAGSTH6J,HGST HMS5C4040ALE640,4.00E+12,0,100,0,134,102,100,0,100,3,100,0,100,0,113,42,100,4088,100,0,,,100,3,,,,,,,,,,,,,,,,,,,,,100,18,100,18,230,26,,,100,0,100,0,100,0,200,0,,,,,,,,,,,,,,,,,,,,,,,,,,,,,,,,
2015/2/1,PL2331LAGRX24J,HGST HMS5C4040ALE640,4.00E+12,0,100,0,134,100,100,0,100,4,100,0,100,0,113,42,100,4566,100,0,,,100,4,,,,,,,,,,,,,,,,,,,,,100,58,100,58,214,28,,,100,0,100,0,100,0,200,0,,,,,,,,,,,,,,,,,,,,,,,,,,,,,,,,
2015/2/1,PL2331LAGHU9TJ,HGST HMS5C4040BLE640,4.00E+12,0,100,0,133,104,134,536,100,123,100,0,100,0,115,41,100,4770,100,0,,,100,123,,,,,,,,,,,,,,,,,,,,,100,206,100,206,253,18,,,100,0,100,0,100,0,200,267,,,,,,,,,,,,,,,,,,,,,,,,,,,,,,,,
2015/2/1,MJ0351YNG9YSBA,Hitachi HDS5C3030ALA630,3.00E+12,0,100,0,136,100,125,555,100,16,100,0,100,0,126,35,98,18879,100,0,,,100,16,,,,,,,,,,,,,,,,,,,,,100,118,100,118,230,26,,,100,0,100,0,100,0,200,0,,,,,,,,,,,,,,,,,,,,,,,,,,,,,,,,
2015/2/1,Z30178CN,ST4000DM000,4.00E+12,0,119,205122784,,,91,0,100,10,100,0,87,519421367,,,91,8168,100,0,,,100,10,,,,,,,100,0,100,0,100,0,100,0,97,3,77,23,100,0,100,2,95,11454,23,23,,,,,100,0,100,0,200,0,,,,,,,,,,,,,,,,,100,8134,100,20058234615,100,2.92E+11,,,,,,,,,,
2015/2/1,Z30178CQ,ST4000DM000,4.00E+12,0,119,217270904,,,92,0,100,17,100,0,86,469552255,,,92,7811,100,0,,,100,17,,,,,,,100,0,100,0,100,0,100,2,94,6,74,26,100,0,100,17,47,107702,26,26,,,,,100,0,100,0,200,0,,,,,,,,,,,,,,,,,100,7302,100,15138387950,100,2.00E+11,,,,,,,,,,
2015/2/1,Z3025KXP,ST4000DM000,4.00E+12,0,115,92721056,,,98,0,100,2,100,0,76,45030938,,,100,823,100,0,,,100,2,,,,,,,100,0,100,0,100,0,100,0,99,1,81,19,100,0,100,0,100,279,19,19,,,,,100,0,100,0,200,0,,,,,,,,,,,,,,,,,100,820,100,5318355513,100,19726730732,,,,,,,,,,
2015/2/1,Z3025BXR,ST4000DM000,4.00E+12,0,116,109259472,,,92,0,100,15,100,0,67,6135682,,,100,253,100,0,,,100,15,,,,,,,100,0,100,0,100,0,100,0,100,0,81,19,100,0,100,12,100,279,19,19,,,,,100,0,100,0,200,0,,,,,,,,,,,,,,,,,100,235,100,587610779,100,8132047884,,,,,,,,,,
2015/2/1,S1F0S68M,ST3000DM001,3.00E+12,0,115,94733072,,,92,0,100,24,100,0,90,944625379,,,79,18672,100,0,,,100,24,,,,,,,100,0,100,0,100,0,100,60130459662,100,0,73,27,100,0,100,11,1,219892,27,27,,,,,100,0,100,0,200,0,,,,,,,,,,,,,,,,,100,3.36E+13,100,2.81E+11,100,7.08E+13,,,,,,,,,,
2015/2/1,Z3025BXW,ST4000DM000,4.00E+12,0,117,153548584,,,92,0,100,15,100,0,67,6083004,,,100,252,100,0,,,100,15,,,,,,,100,0,100,0,100,0,100,0,100,0,80,20,100,0,100,12,100,282,20,20,,,,,100,0,100,0,200,0,,,,,,,,,,,,,,,,,100,234,100,572744158,100,8127876677,,,,,,,,,,
2015/2/1,PL2331LAGN44RJ,HGST HMS5C4040BLE640,4.00E+12,0,100,0,134,102,100,458,100,7,100,0,100,0,113,42,100,6420,100,0,,,100,7,,,,,,,,,,,,,,,,,,,,,100,166,100,166,206,29,,,100,0,100,0,100,0,200,0,,,,,,,,,,,,,,,,,,,,,,,,,,,,,,,,
2015/2/1,PL2331LAGMB78J,HGST HMS5C4040BLE640,4.00E+12,0,100,0,134,103,100,433,100,7,100,0,100,0,113,42,99,7469,100,0,,,100,7,,,,,,,,,,,,,,,,,,,,,100,34,100,34,206,29,,,100,0,100,0,100,0,200,0,,,,,,,,,,,,,,,,,,,,,,,,,,,,,,,,
2015/2/1,Z300V5SY,ST4000DM000,4.00E+12,0,108,15373760,,,96,0,100,4,100,0,88,744897117,,,89,10110,100,0,,,100,3,,,,,,,100,0,100,0,100,0,100,0,93,7,77,23,100,0,100,1,97,6604,23,23,,,,,100,0,100,0,200,0,,,,,,,,,,,,,,,,,100,2.47E+13,100,18987819370,100,42219713714,,,,,,,,,,
2015/2/1,MJ1311YNG0M96A,Hitachi HDS5C3030ALA630,3.00E+12,0,100,0,100,0,128,564,100,19,100,0,100,0,100,0,96,30505,100,0,,,100,19,,,,,,,,,,,,,,,,,,,,,100,1130,100,1130,193,31,,,100,0,100,0,100,0,200,0,,,,,,,,,,,,,,,,,,,,,,,,,,,,,,,,
2015/2/1,PL1331LAGT83PH,HGST HMS5C4040ALE640,4.00E+12,0,100,0,133,107,100,422,100,5,100,0,100,0,115,41,100,3921,100,0,,,100,5,,,,,,,,,,,,,,,,,,,,,100,55,100,55,193,31,,,100,0,100,0,100,0,200,0,,,,,,,,,,,,,,,,,,,,,,,,,,,,,,,,
2015/2/1,Z3025BXC,ST4000DM000,4.00E+12,0,114,66723992,,,92,0,100,15,100,0,67,6186409,,,100,252,100,0,,,100,15,,,,,,,100,0,100,0,100,0,100,0,100,0,79,21,100,0,100,12,100,277,21,21,,,,,100,0,100,0,200,0,,,,,,,,,,,,,,,,,100,233,100,582335886,100,8135482733,,,,,,,,,,
2015/2/1,JK1175YAHU332X,Hitachi HDS722020ALA330,2.00E+12,0,95,589834,100,0,115,630,100,22,100,0,100,0,100,0,95,40502,100,0,,,100,22,,,,,,,,,,,,,,,,,,,,,100,328,100,328,187,32,,,100,0,100,0,100,0,200,0,,,,,,,,,,,,,,,,,,,,,,,,,,,,,,,,
2015/2/1,PL2331LAGN5RKJ,HGST HMS5C4040BLE640,4.00E+12,0,100,0,135,99,100,0,100,4,100,0,100,0,113,42,100,6921,100,0,,,100,4,,,,,,,,,,,,,,,,,,,,,100,56,100,56,181,33,,,100,0,100,0,100,0,200,0,,,,,,,,,,,,,,,,,,,,,,,,,,,,,,,,
2015/2/1,Z3025BXG,ST4000DM000,4.00E+12,0,108,20448544,,,93,0,100,7,100,0,69,8823284,,,100,348,100,0,,,100,7,,,,,,,100,0,100,0,100,0,100,0,100,0,80,20,100,0,100,0,100,990,20,20,,,,,100,0,100,0,200,0,,,,,,,,,,,,,,,,,100,344,100,706514046,100,16382614522,,,,,,,,,,
2015/2/1,PL1331LAG5AZWH,HGST HMS5C4040ALE640,4.00E+12,0,100,0,135,96,123,567,100,18,100,0,100,0,111,43,98,19407,100,0,,,100,18,,,,,,,,,,,,,,,,,,,,,100,20,100,20,200,30,,,100,0,100,0,100,0,200,0,,,,,,,,,,,,,,,,,,,,,,,,,,,,,,,,
2015/2/1,S1F0S5B2,ST3000DM001,3.00E+12,0,117,118552656,,,92,0,100,36,100,0,89,864567417,,,77,20744,100,0,,,100,35,,,,,,,100,0,100,0,100,0,100,51540393996,1,28491,76,24,100,0,100,8,1,316845,24,24,,,,,100,0,100,0,200,1,,,,,,,,,,,,,,,,,100,1.10E+14,100,3.12E+11,100,7.02E+13,,,,,,,,,,
2015/2/1,W3009NBY,ST4000DM000,4.00E+12,0,119,231208488,,,92,0,100,14,100,0,78,69616442,,,86,12391,100,0,,,100,14,,,,,,,100,0,100,0,100,0,100,0,99,1,76,24,100,0,100,8,91,18042,24,24,,,,,100,0,100,0,200,0,,,,,,,,,,,,,,,,,100,1.27E+14,100,20795626224,100,1.07E+11,,,,,,,,,,
2015/2/1,JK11A8B9J94XAF,Hitachi HDS722020ALA330,2.00E+12,0,100,0,100,0,117,617,100,27,100,22,100,0,100,0,96,34497,100,0,,,100,27,,,,,,,,,,,,,,,,,,,,,100,1023,100,1023,176,34,,,100,24,100,0,100,0,200,0,,,,,,,,,,,,,,,,,,,,,,,,,,,,,,,,
2015/2/1,Z300CR8J,ST4000DM000,4.00E+12,0,111,38021088,,,91,0,100,12,100,0,86,430048881,,,88,11332,100,0,,,100,12,,,,,,,99,1,100,0,100,0,100,0,99,1,74,26,100,0,100,1,1,244555,26,26,,,,,100,0,100,0,200,0,,,,,,,,,,,,,,,,,100,10362,100,10979678335,100,70702184006,,,,,,,,,,
2015/2/1,JK1170YAJDAK3T,Hitachi HDS722020ALA330,2.00E+12,0,100,0,131,108,120,631,100,72,100,0,100,0,121,35,95,38687,100,0,,,100,72,,,,,,,,,,,,,,,,,,,,,100,1173,100,1173,193,31,,,100,0,100,0,100,0,200,0,,,,,,,,,,,,,,,,,,,,,,,,,,,,,,,,
2015/2/1,PL1331LAGLY77H,HGST HMS5C4040BLE640,4.00E+12,0,100,0,133,104,100,0,100,1,100,0,100,0,111,43,100,6421,100,0,,,100,1,,,,,,,,,,,,,,,,,,,,,100,70,100,70,200,30,,,100,0,100,0,100,0,200,0,,,,,,,,,,,,,,,,,,,,,,,,,,,,,,,,
2015/2/1,PL2331LAGU9GRJ,HGST HMS5C4040ALE640,4.00E+12,0,100,0,133,104,100,0,100,3,100,0,100,0,115,41,100,2958,100,0,,,100,3,,,,,,,,,,,,,,,,,,,,,100,20,100,20,206,29,,,100,0,100,0,100,0,200,0,,,,,,,,,,,,,,,,,,,,,,,,,,,,,,,,
2015/2/1,PL1331LAGM1SHH,HGST HMS5C4040BLE640,4.00E+12,0,100,0,133,104,100,0,100,3,100,0,100,0,111,43,100,5965,100,0,,,100,3,,,,,,,,,,,,,,,,,,,,,100,24,100,24,222,27,,,100,0,100,0,100,0,200,0,,,,,,,,,,,,,,,,,,,,,,,,,,,,,,,,
2015/2/1,MJ0351YNG9MZXA,Hitachi HDS5C3030ALA630,3.00E+12,0,100,0,134,111,127,550,100,15,100,0,100,0,122,37,98,19964,100,0,,,100,15,,,,,,,,,,,,,,,,,,,,,100,138,100,138,222,27,,,100,0,100,0,100,0,200,0,,,,,,,,,,,,,,,,,,,,,,,,,,,,,,,,
2015/2/1,PL2331LAGUJ3EJ,HGST HMS5C4040ALE640,4.00E+12,0,100,0,135,98,131,508,100,63,100,0,100,0,115,41,100,2883,100,0,,,100,63,,,,,,,,,,,,,,,,,,,,,100,138,100,138,240,25,,,100,0,100,0,100,0,200,0,,,,,,,,,,,,,,,,,,,,,,,,,,,,,,,,
2015/2/1,Z3029AC3,ST4000DM000,4.00E+12,0,118,168500400,,,97,0,100,3,100,0,66,4260576,,,100,178,100,0,,,100,3,,,,,,,100,0,100,0,100,0,100,0,100,0,79,21,100,0,100,0,100,191,21,21,,,,,100,0,100,0,200,0,,,,,,,,,,,,,,,,,100,165,100,385250822,100,8019425366,,,,,,,,,,
2015/2/1,Z3029ACM,ST4000DM000,4.00E+12,0,118,193177616,,,99,0,100,1,100,0,72,20283037,,,100,440,100,0,,,100,1,,,,,,,100,0,100,0,100,0,100,0,100,0,74,26,100,0,100,0,100,18,26,26,,,,,100,0,100,0,200,0,,,,,,,,,,,,,,,,,100,439,100,2481363639,100,8777970867,,,,,,,,,,
2015/2/1,WD-WMC4N1044953,WDC WD30EFRX,3.00E+12,0,200,1,,,179,6033,100,25,200,0,100,0,,,88,9143,100,0,100,0,100,25,,,,,,,,,,,,,,,,,,,,,200,5,146,164881,121,29,,,200,0,200,0,100,0,200,0,100,0,,,,,,,,,,,,,,,,,,,,,,,,,,,,,,
2015/2/1,W300JTG2,ST4000DM000,4.00E+12,0,117,149317864,,,92,0,100,16,100,0,90,949993665,,,87,11707,100,0,,,100,15,,,,,,,100,0,100,0,100,0,100,0,99,1,80,20,100,0,100,11,90,21267,20,20,,,,,100,0,100,0,200,0,,,,,,,,,,,,,,,,,100,1.72E+14,100,20045962984,100,1.00E+11,,,,,,,,,,
2015/2/1,W300JTG5,ST4000DM000,4.00E+12,0,111,32259840,,,92,0,100,16,100,0,90,959230709,,,87,11709,100,0,,,100,15,,,,,,,100,0,100,0,100,0,100,0,100,0,80,20,100,0,100,11,90,21489,20,20,,,,,100,0,100,0,200,0,,,,,,,,,,,,,,,,,100,3.45E+13,100,20014697114,100,1.00E+11,,,,,,,,,,
2015/2/1,Z3025R5F,ST4000DM000,4.00E+12,0,117,165630680,,,98,0,100,2,100,0,78,68053601,,,99,1278,100,0,,,100,2,,,,,,,100,0,100,0,100,0,100,0,100,0,75,25,100,0,100,0,90,21417,25,25,,,,,100,0,100,0,200,0,,,,,,,,,,,,,,,,,100,1193,100,6552747913,100,27977504400,,,,,,,,,,
2015/2/1,Z3029ACD,ST4000DM000,4.00E+12,0,108,19262448,,,99,0,100,1,100,0,62,1593562,,,100,55,100,0,,,100,1,,,,,,,100,0,100,0,100,0,100,0,100,0,78,22,100,0,100,0,100,10,22,22,,,,,100,0,100,0,200,0,,,,,,,,,,,,,,,,,100,55,100,134288623,100,7876566165,,,,,,,,,,
2015/2/1,Z3025R5K,ST4000DM000,4.00E+12,0,118,185357856,,,98,0,100,2,100,0,76,42084887,,,99,1277,100,0,,,100,2,,,,,,,100,0,100,0,100,0,100,0,100,0,75,25,100,0,100,0,100,879,25,25,,,,,100,0,100,0,200,0,,,,,,,,,,,,,,,,,100,1061,100,6612935503,100,25016677008,,,,,,,,,,
2015/2/1,PL1331LAGP69RH,HGST HMS5C4040ALE640,4.00E+12,0,100,0,134,102,100,433,100,5,100,0,100,0,113,42,100,5649,100,0,,,100,5,,,,,,,,,,,,,,,,,,,,,100,40,100,40,206,29,,,100,0,100,0,100,0,200,0,,,,,,,,,,,,,,,,,,,,,,,,,,,,,,,,
2015/2/1,JK11A8B9J7T2VF,Hitachi HDS722020ALA330,2.00E+12,0,100,0,100,0,138,573,100,13,100,0,100,0,100,0,96,34919,100,0,,,100,13,,,,,,,,,,,,,,,,,,,,,100,848,100,848,181,33,,,100,0,100,0,100,0,200,0,,,,,,,,,,,,,,,,,,,,,,,,,,,,,,,,
2015/2/1,WD-WCC4N0919168,WDC WD30EFRX,3.00E+12,0,200,0,,,178,6083,100,9,200,0,100,0,,,91,6822,100,0,100,0,100,9,,,,,,,,,,,,,,,,,,,,,200,1,200,7,126,24,,,200,0,200,0,100,0,200,0,100,0,,,,,,,,,,,,,,,,,,,,,,,,,,,,,,
2015/2/1,Z3029ACY,ST4000DM000,4.00E+12,0,118,179028152,,,99,0,100,1,100,0,76,47894000,,,100,513,100,0,,,100,1,,,,,,,100,0,100,0,100,0,100,0,100,0,70,30,100,0,100,0,100,112,30,30,,,,,100,0,100,0,200,0,,,,,,,,,,,,,,,,,100,509,100,5362808662,100,13789441433,,,,,,,,,,
2015/2/1,Z3025R5Z,ST4000DM000,4.00E+12,0,105,8862056,,,97,0,100,3,100,0,78,66896614,,,99,1278,100,0,,,100,3,,,,,,,100,0,100,0,100,0,100,0,100,0,73,27,100,0,100,0,90,21498,27,27,,,,,100,0,100,0,200,0,,,,,,,,,,,,,,,,,100,1193,100,6553068473,100,27978457599,,,,,,,,,,
2015/2/1,Z3029ACP,ST4000DM000,4.00E+12,0,115,85145208,,,98,0,100,2,100,0,66,3894871,,,100,180,100,0,,,100,2,,,,,,,100,0,100,0,100,0,100,0,100,0,78,22,100,0,100,0,100,198,22,22,,,,,100,0,100,0,200,0,,,,,,,,,,,,,,,,,100,166,100,358611316,100,8015246296,,,,,,,,,,
2015/2/1,PL2331LAGUKYEJ,HGST HMS5C4040ALE640,4.00E+12,0,100,0,135,99,100,0,100,3,100,0,100,0,113,42,100,2959,100,0,,,100,3,,,,,,,,,,,,,,,,,,,,,100,17,100,17,240,25,,,100,0,100,0,100,0,200,0,,,,,,,,,,,,,,,,,,,,,,,,,,,,,,,,
2015/2/1,PL1331LAGSPT5H,HGST HMS5C4040ALE640,4.00E+12,0,100,0,134,102,100,0,100,3,100,0,100,0,113,42,100,3799,100,0,,,100,3,,,,,,,,,,,,,,,,,,,,,100,54,100,54,250,24,,,100,0,100,0,100,0,200,0,,,,,,,,,,,,,,,,,,,,,,,,,,,,,,,,
2015/2/1,Z3025BX1,ST4000DM000,4.00E+12,0,114,69411440,,,95,0,100,5,100,0,72,15064077,,,100,344,100,0,,,100,5,,,,,,,100,0,100,0,100,0,100,0,100,0,83,17,100,0,100,1,100,24,17,17,,,,,100,0,100,0,200,0,,,,,,,,,,,,,,,,,100,344,100,1487530485,100,8384540913,,,,,,,,,,
2015/2/1,PL2331LAGSTT8J,HGST HMS5C4040ALE640,4.00E+12,0,100,0,132,108,100,0,100,3,100,0,100,0,113,42,100,4136,100,0,,,100,3,,,,,,,,,,,,,,,,,,,,,100,32,100,32,250,24,,,100,0,100,0,100,0,200,0,,,,,,,,,,,,,,,,,,,,,,,,,,,,,,,,
2015/2/1,Z3015K10,ST4000DM000,4.00E+12,0,119,216372080,,,93,0,100,7,100,0,87,636381148,,,92,7094,100,0,,,100,7,,,,,,,100,0,100,0,100,0,100,0,100,0,75,25,100,0,100,1,100,420,25,25,,,,,100,0,100,0,200,0,,,,,,,,,,,,,,,,,100,2.21E+13,100,18027046300,100,88479990975,,,,,,,,,,
2015/2/1,MJ1311YNG3AN2A,Hitachi HDS5C3030ALA630,3.00E+12,0,100,0,100,0,127,565,100,22,100,0,100,0,100,0,96,28934,100,0,,,100,22,,,,,,,,,,,,,,,,,,,,,100,1032,100,1032,200,30,,,100,0,100,0,100,0,200,0,,,,,,,,,,,,,,,,,,,,,,,,,,,,,,,,
2015/2/1,Z3016NC4,ST4000DM000,4.00E+12,0,117,117687408,,,95,0,100,5,100,0,87,662790494,,,92,7835,100,0,,,100,5,,,,,,,100,0,100,0,100,0,100,0,90,10,73,27,100,0,100,1,100,430,27,27,,,,,100,0,100,0,200,0,,,,,,,,,,,,,,,,,100,2.81E+14,100,15506088420,100,1.29E+11,,,,,,,,,,
2015/2/1,JK11A8B9J71BHF,Hitachi HDS722020ALA330,2.00E+12,0,100,0,100,0,115,627,100,15,100,0,100,0,100,0,96,33490,100,0,,,100,15,,,,,,,,,,,,,,,,,,,,,100,891,100,891,222,27,,,100,0,100,0,100,0,200,0,,,,,,,,,,,,,,,,,,,,,,,,,,,,,,,,
2015/2/1,PL1311LAG21BKA,Hitachi HDS5C4040ALE630,4.00E+12,0,100,0,134,100,125,558,100,13,100,0,100,0,113,42,98,17468,100,0,,,100,13,,,,,,,,,,,,,,,,,,,,,100,16,100,16,253,23,,,100,0,100,0,100,0,200,3,,,,,,,,,,,,,,,,,,,,,,,,,,,,,,,,
2015/2/1,JK1101B9J2W51F,Hitachi HDS722020ALA330,2.00E+12,0,100,0,100,0,137,626,100,14,100,0,100,0,100,0,96,34219,100,0,,,100,14,,,,,,,,,,,,,,,,,,,,,100,1081,100,1081,176,34,,,100,0,100,0,100,0,200,0,,,,,,,,,,,,,,,,,,,,,,,,,,,,,,,,
2015/2/1,JK1101B9GE8H5F,Hitachi HDS722020ALA330,2.00E+12,0,100,0,100,0,126,634,100,43,100,0,100,0,100,0,95,37733,100,0,,,100,42,,,,,,,,,,,,,,,,,,,,,100,997,100,997,222,27,,,100,0,100,0,100,0,200,2,,,,,,,,,,,,,,,,,,,,,,,,,,,,,,,,
2015/2/1,MJ0351YNGA392A,Hitachi HDS5C3030ALA630,3.00E+12,0,100,0,136,104,130,514,100,20,100,0,100,0,122,37,98,18619,100,0,,,100,20,,,,,,,,,,,,,,,,,,,,,100,168,100,168,181,33,,,100,0,100,0,100,0,200,2,,,,,,,,,,,,,,,,,,,,,,,,,,,,,,,,
2015/2/1,WD-WXK1H643S24S,WDC WD60EFRX,6.00E+12,0,200,0,,,100,0,100,5,200,0,100,0,,,99,1372,100,0,100,0,100,5,,,,,,,,,,,,,,,,,,,,,200,0,200,160,120,32,,,200,0,200,0,100,0,200,0,100,0,,,,,,,,,,,,,,,,,,,,,,,,,,,,,,
2015/2/1,Z3020VTC,ST4000DM000,4.00E+12,0,117,162613096,,,96,0,100,4,100,0,80,108838488,,,98,2599,100,0,,,100,4,,,,,,,100,0,100,0,100,0,100,0,98,2,80,20,100,0,100,0,94,13484,20,20,,,,,100,0,100,0,200,0,,,,,,,,,,,,,,,,,100,2530,100,9640970409,100,44242567696,,,,,,,,,,
2015/2/1,W300J658,ST4000DM000,4.00E+12,0,119,223288296,,,91,0,100,13,100,0,89,935319643,,,87,12244,100,0,,,100,13,,,,,,,99,1,100,0,100,0,100,0,99,1,82,18,100,0,100,8,94,12091,18,18,,,,,100,0,100,0,200,0,,,,,,,,,,,,,,,,,100,2.26E+14,100,19388667704,100,2.09E+11,,,,,,,,,,
2015/2/1,JK11A8B9HZJYRF,Hitachi HDS722020ALA330,2.00E+12,0,100,0,100,0,122,622,100,44,100,0,100,0,100,0,96,34546,100,0,,,100,44,,,,,,,,,,,,,,,,,,,,,100,951,100,951,181,33,,,100,0,100,0,100,0,200,0,,,,,,,,,,,,,,,,,,,,,,,,,,,,,,,,
2015/2/1,W1F17E35,ST3000DM001,3.00E+12,0,118,184101560,,,92,0,100,23,100,0,90,942234376,,,79,18673,100,0,,,100,23,,,,,,,100,0,100,0,100,0,100,90195689494,100,0,72,28,100,0,100,10,1,221147,28,28,,,,,100,0,100,0,200,4,,,,,,,,,,,,,,,,,100,2.08E+14,100,4.71E+11,100,1.20E+14,,,,,,,,,,
2015/2/1,MJ0351YNGA39VA,Hitachi HDS5C3030ALA630,3.00E+12,0,100,0,137,99,134,520,100,28,100,0,100,0,122,37,98,17945,100,0,,,100,27,,,,,,,,,,,,,,,,,,,,,100,227,100,227,193,31,,,100,0,100,0,100,0,200,0,,,,,,,,,,,,,,,,,,,,,,,,,,,,,,,,
2015/2/1,Z300WKNW,ST4000DM000,4.00E+12,0,118,173404872,,,91,0,100,10,100,0,89,886687351,,,89,9925,100,0,,,100,10,,,,,,,100,0,100,0,100,0,100,0,88,12,77,23,100,0,100,4,97,7557,23,23,,,,,100,0,100,0,200,0,,,,,,,,,,,,,,,,,100,2.62E+14,100,20005659604,100,98124127835,,,,,,,,,,
2015/2/1,PL2331LAGSUH8J,HGST HMS5C4040ALE640,4.00E+12,0,100,0,134,100,100,0,100,3,100,0,100,0,109,44,100,4259,100,0,,,100,3,,,,,,,,,,,,,,,,,,,,,100,46,100,46,214,28,,,100,0,100,0,100,0,200,0,,,,,,,,,,,,,,,,,,,,,,,,,,,,,,,,
2015/2/1,Z300WKNN,ST4000DM000,4.00E+12,0,118,174266024,,,93,0,100,7,100,0,84,18122109082,,,88,10823,100,0,,,100,7,,,,,,,100,0,100,0,100,0,100,0,95,5,78,22,100,0,100,3,96,8762,22,22,,,,,100,0,100,0,200,0,,,,,,,,,,,,,,,,,100,1.11E+14,100,21291579536,100,94904597993,,,,,,,,,,
